id,formattedAddress,zipCode,county,latitude,longitude,propertyType,bedrooms,bathrooms,squareFootage,lotSize,yearBuilt,hoaFee,status,price,price_per_sqft,listedDate,removedDate,lastSeenDate,daysOnMarket,builderName,subdivision,mlsName,roomCount,floorCount,garage,garageSpaces,pool,fireplace,cooling,coolingType,heating,heatingType,exteriorType,foundationType,architectureType,pulled_at
"13836-Paso-Del-Gloria-Way,-El-Paso,-TX-79928","13836 Paso Del Gloria Way, El Paso, TX 79928",79928,El Paso,31.705045,-106.207465,Single Family,4,2,1644,4792,2026,62,Active,312950,190.36,2026-06-11T00:00:00.000Z,,2026-08-08T09:54:25.898Z,58,,,Elpaso,,,,,,,,,,,,,,2026-08-09
"11260-Blue-Barrel-St,-El-Paso,-TX-79934","11260 Blue Barrel St, El Paso, TX 79934",79934,El Paso,31.93791,-106.425101,Single Family,4,2.5,2916,6534,2008,,Active,330000,113.17,2026-06-12T00:00:00.000Z,,2026-08-08T09:54:25.872Z,57,,,Elpaso,,,,,,,,,,,,,,2026-08-09
"1092-Thunderbird-Dr,-El-Paso,-TX-79912","1092 Thunderbird Dr, El Paso, TX 79912",79912,El Paso,31.85014,-106.509532,Single Family,5,3,3402,24829,1991,,Active,999999,293.94,2026-06-11T00:00:00.000Z,,2026-08-08T09:54:25.871Z,58,,,Elpaso,,,,,,,,,,,,,,2026-08-09
"13813-Villa-Vista-Ave,-El-Paso,-TX-79928","13813 Villa Vista Ave, El Paso, TX 79928",79928,El Paso,31.677956,-106.203968,Single Family,7,3.5,3013,10890,2018,,Active,690000,229.01,2026-06-13T00:00:00.000Z,,2026-08-08T09:54:25.870Z,56,,,Elpaso,,,,,,,,,,,,,,2026-08-09
"2304-Red-Bluff-Rd,-El-Paso,-TX-79930","2304 Red Bluff Rd, El Paso, TX 79930",79930,El Paso,31.795687,-106.46842,Single Family,4,2.5,6839,20473,1957,,Active,1390000,203.25,2026-06-11T00:00:00.000Z,,2026-08-08T09:54:25.869Z,58,,,Elpaso,,,,,,,,,,,,,,2026-08-09
"329-Stetson-Dr,-El-Paso,-TX-79928","329 Stetson Dr, El Paso, TX 79928",79928,El Paso,31.682082,-106.255319,Single Family,5,2.5,3050,5227,2018,,Active,379999,124.59,2026-06-11T00:00:00.000Z,,2026-08-08T09:54:25.869Z,58,,,Elpaso,,,,,,,,,,,,,,2026-08-09
"14137-Meteor-Rock-Pl,-El-Paso,-TX-79938","14137 Meteor Rock Pl, El Paso, TX 79938",79938,El Paso,31.779527,-106.232594,Single Family,4,2.5,1929,5663,2010,,Active,258950,134.24,2026-06-11T00:00:00.000Z,,2026-08-08T09:54:25.867Z,58,,,Elpaso,,,,,,,,,,,,,,2026-08-09
"528-Flanagan-Pl,-El-Paso,-TX-79928","528 Flanagan Pl, El Paso, TX 79928",79928,El Paso,31.698737,-106.257735,Single Family,4,3,3102,10019,2006,,Active,429999,138.62,2026-06-12T00:00:00.000Z,,2026-08-08T09:54:25.866Z,57,,,Elpaso,,,,,,,,,,,,,,2026-08-09
"4901-Debeers-Dr,-El-Paso,-TX-79924","4901 Debeers Dr, El Paso, TX 79924",79924,El Paso,31.909062,-106.429783,Single Family,3,1.5,925,6970,1960,,Active,155000,167.57,2026-06-13T00:00:00.000Z,,2026-08-08T09:54:25.865Z,56,,,Elpaso,,,,,,,,,,,,,,2026-08-09
"3808-Aspire-Pl,-El-Paso,-TX-79938","3808 Aspire Pl, El Paso, TX 79938",79938,El Paso,31.806807,-106.194204,Single Family,4,1,1675,5227,2026,,Active,274950,164.15,2026-06-12T00:00:00.000Z,,2026-08-08T09:54:25.860Z,57,,,Elpaso,,,,,,,,,,,,,,2026-08-09
"962-Via-Descanso-Dr,-El-Paso,-TX-79912","962 Via Descanso Dr, El Paso, TX 79912",79912,El Paso,31.865679,-106.520992,Single Family,5,3.5,3685,7841,2003,,Active,420000,113.98,2026-06-11T00:00:00.000Z,,2026-08-08T09:54:25.859Z,58,,,Elpaso,,,,,,,,,,,,,,2026-08-09
"510-Mockingbird-Rd,-El-Paso,-TX-79907","510 Mockingbird Rd, El Paso, TX 79907",79907,El Paso,31.718755,-106.329517,Single Family,4,2,2235,12632,1961,,Active,250000,111.86,2026-06-13T00:00:00.000Z,,2026-08-08T09:54:25.858Z,56,,,Elpaso,,,,,,,,,,,,,,2026-08-09
"14353-Spanish-Point-Dr,-El-Paso,-TX-79938","14353 Spanish Point Dr, El Paso, TX 79938",79938,El Paso,31.794098,-106.219718,Single Family,3,1,1105,4792,2008,,Active,207770,188.03,2026-06-12T00:00:00.000Z,,2026-08-08T09:54:25.857Z,57,,,Elpaso,,,,,,,,,,,,,,2026-08-09
"3213-Slocum-St,-El-Paso,-TX-79936","3213 Slocum St, El Paso, TX 79936",79936,El Paso,31.787162,-106.316013,Single Family,4,1,1600,6098,1978,,Active,220000,137.5,2026-06-12T00:00:00.000Z,,2026-08-08T09:54:25.856Z,57,,,Elpaso,,,,,,,,,,,,,,2026-08-09
"3112-Eads-Pl,-El-Paso,-TX-79935","3112 Eads Pl, El Paso, TX 79935",79935,El Paso,31.784635,-106.330958,Single Family,3,3,2026,8712,1976,,Active,330000,162.88,2026-06-11T00:00:00.000Z,,2026-08-08T09:54:25.855Z,58,,,Elpaso,,,,,,,,,,,,,,2026-08-09
"732-Chatham-Pl,-El-Paso,-TX-79928","732 Chatham Pl, El Paso, TX 79928",79928,El Paso,31.707658,-106.252711,Single Family,4,2.5,2091,6534,2022,,Active,425000,203.25,2026-06-12T00:00:00.000Z,,2026-08-08T09:54:25.855Z,57,,,Elpaso,,,,,,,,,,,,,,2026-08-09
"3030-Orkney-Rd,-El-Paso,-TX-79925","3030 Orkney Rd, El Paso, TX 79925",79925,El Paso,31.787533,-106.347197,Single Family,3,2,1846,6970,1961,,Active,294950,159.78,2026-06-11T00:00:00.000Z,,2026-08-08T09:54:25.854Z,58,,,Elpaso,,,,,,,,,,,,,,2026-08-09
"6648-Mariposa-Dr,-El-Paso,-TX-79912","6648 Mariposa Dr, El Paso, TX 79912",79912,El Paso,31.839599,-106.539866,Single Family,4,2,1970,7841,1972,,Active,349500,177.41,2026-06-13T00:00:00.000Z,,2026-08-08T09:54:25.854Z,56,,,Elpaso,,,,,,,,,,,,,,2026-08-09
"257-Staffs-Way,-El-Paso,-TX-79928","257 Staffs Way, El Paso, TX 79928",79928,El Paso,31.687495,-106.234219,Single Family,4,2,1937,6534,2022,,Active,299000,154.36,2026-06-11T00:00:00.000Z,,2026-08-08T09:54:25.853Z,58,,,Elpaso,,,,,,,,,,,,,,2026-08-09
"14557-Sunny-Land-Ave,-El-Paso,-TX-79938","14557 Sunny Land Ave, El Paso, TX 79938",79938,El Paso,31.788688,-106.213924,Single Family,4,2,2062,5663,2014,,Active,308000,149.37,2026-06-11T00:00:00.000Z,,2026-08-08T09:54:25.852Z,58,,,Elpaso,,,,,,,,,,,,,,2026-08-09
"10036-Jamaica-St,-El-Paso,-TX-79924","10036 Jamaica St, El Paso, TX 79924",79924,El Paso,31.900677,-106.431361,Single Family,3,2,1784,6534,1962,,Active,249000,139.57,2026-06-12T00:00:00.000Z,,2026-08-08T09:54:25.852Z,57,,,Elpaso,,,,,,,,,,,,,,2026-08-09
"1909-Polly-Harris-Dr,-El-Paso,-TX-79936","1909 Polly Harris Dr, El Paso, TX 79936",79936,El Paso,31.765091,-106.280865,Single Family,4,2.5,2743,6970,1993,,Active,319900,116.62,2026-06-12T00:00:00.000Z,,2026-08-08T09:54:25.851Z,57,,,Elpaso,,,,,,,,,,,,,,2026-08-09
"472-Vin-Benicarlo-Pl,-El-Paso,-TX-79912","472 Vin Benicarlo Pl, El Paso, TX 79912",79912,El Paso,31.811807,-106.516849,Townhouse,2,2.5,1681,871,2018,271,Active,360000,214.16,2026-06-12T00:00:00.000Z,,2026-08-08T09:54:25.851Z,57,,,Elpaso,,,,,,,,,,,,,,2026-08-09
"333-Blue-Valley-Dr,-El-Paso,-TX-79928","333 Blue Valley Dr, El Paso, TX 79928",79928,El Paso,31.693376,-106.240845,Single Family,4,2.5,2384,6970,2022,,Active,519950,218.1,2026-06-13T00:00:00.000Z,,2026-08-08T09:54:25.850Z,56,,,Elpaso,,,,,,,,,,,,,,2026-08-09
"308-Coral-Hills-Rd,-El-Paso,-TX-79912","308 Coral Hills Rd, El Paso, TX 79912",79912,El Paso,31.836252,-106.528999,Single Family,4,2,2172,6970,1961,,Active,336900,155.11,2026-06-15T00:00:00.000Z,,2026-08-08T09:54:25.850Z,54,,,Elpaso,,,,,,,,,,,,,,2026-08-09
"516-Marble-Hills-Pl,-El-Paso,-TX-79928","516 Marble Hills Pl, El Paso, TX 79928",79928,El Paso,31.694629,-106.244421,Single Family,4,2,2115,6970,2024,,Active,349950,165.46,2026-06-13T00:00:00.000Z,,2026-08-08T09:54:25.849Z,56,,,Elpaso,,,,,,,,,,,,,,2026-08-09
"10751-White-Sands-Dr,-El-Paso,-TX-79924","10751 White Sands Dr, El Paso, TX 79924",79924,El Paso,31.924889,-106.42714,Single Family,3,2.5,1760,7405,2000,,Active,292500,166.19,2026-06-12T00:00:00.000Z,,2026-08-08T09:54:25.848Z,57,,,Elpaso,,,,,,,,,,,,,,2026-08-09
"11992-Francis-Scobee-Dr,-El-Paso,-TX-79936","11992 Francis Scobee Dr, El Paso, TX 79936",79936,El Paso,31.755683,-106.276713,Single Family,4,3,1662,5663,1994,,Active,248100,149.28,2026-06-13T00:00:00.000Z,,2026-08-08T09:54:25.847Z,56,,,Elpaso,,,,,,,,,,,,,,2026-08-09
"2061-Howard-Jones-Pl,-El-Paso,-TX-79938","2061 Howard Jones Pl, El Paso, TX 79938",79938,El Paso,31.76484,-106.227911,Single Family,3,1,1681,5227,2017,,Active,256000,152.29,2026-06-13T00:00:00.000Z,,2026-08-08T09:54:25.847Z,56,,,Elpaso,,,,,,,,,,,,,,2026-08-09
"14821-Marvin-Ln,-El-Paso,-TX-79938","14821 Marvin Ln, El Paso, TX 79938",79938,El Paso,31.815028,-106.164247,Land,,,,435600,,,Active,625000,,2026-06-13T00:00:00.000Z,,2026-08-08T09:54:25.846Z,56,,,Elpaso,,,,,,,,,,,,,,2026-08-09
"5800-Redstone-Mesa-Ct,-El-Paso,-TX-79934","5800 Redstone Mesa Ct, El Paso, TX 79934",79934,El Paso,31.935622,-106.407239,Single Family,3,2,1670,6534,2009,17,Active,280000,167.66,2026-06-13T00:00:00.000Z,,2026-08-08T09:54:25.845Z,56,,,Elpaso,,,,,,,,,,,,,,2026-08-09
"4614-N-Stanton-St,-Apt-F38,-El-Paso,-TX-79902","4614 N Stanton St, Apt F38, El Paso, TX 79902",79902,El Paso,31.805601,-106.502998,Townhouse,4,4,2251,319730,1982,350,Active,347770,154.5,2026-06-14T00:00:00.000Z,,2026-08-08T09:54:25.844Z,55,,,Elpaso,,,,,,,,,,,,,,2026-08-09
"6700-Escondido-Dr,-Apt-C1,-El-Paso,-TX-79912","6700 Escondido Dr, Apt C1, El Paso, TX 79912",79912,El Paso,31.843408,-106.54064,Condo,2,2,1118,104980,1970,182,Active,163000,145.8,2026-06-14T00:00:00.000Z,,2026-08-08T09:54:25.843Z,55,,,Elpaso,,,,,,,,,,,,,,2026-08-09
"352-Rio-De-Jazmin-Cir,-El-Paso,-TX-79932","352 Rio De Jazmin Cir, El Paso, TX 79932",79932,El Paso,31.902839,-106.604568,Single Family,4,4,2603,11761,2021,,Active,655000,251.63,2026-06-17T00:00:00.000Z,,2026-08-08T09:33:15.018Z,52,,,Elpaso,,,,,,,,,,,,,,2026-08-09
"PN-291526-Palmetto-Dr,-El-Paso,-TX-79928","PN-291526 Palmetto Dr, El Paso, TX 79928",79928,El Paso,31.710032,-106.070064,Land,,,,21780,,,Active,6000,,2026-06-17T00:00:00.000Z,,2026-08-08T09:33:15.015Z,52,,,Elpaso,,,,,,,,,,,,,,2026-08-09
"9402-Montgomery-Dr,-El-Paso,-TX-79924","9402 Montgomery Dr, El Paso, TX 79924",79924,El Paso,31.877786,-106.410756,Single Family,3,1,1276,6098,1961,,Active,179999,141.07,2026-06-17T00:00:00.000Z,,2026-08-08T09:33:15.014Z,52,,,Elpaso,,,,,,,,,,,,,,2026-08-09
"12745-Carefree-Ave,-El-Paso,-TX-79928","12745 Carefree Ave, El Paso, TX 79928",79928,El Paso,31.723203,-106.248709,Single Family,4,2,2546,6534,2026,,Active,348265,136.79,2026-06-15T00:00:00.000Z,,2026-08-08T09:33:15.009Z,54,,,Elpaso,,,,,,,,,,,,,,2026-08-09
"12753-Carefree-Ave,-El-Paso,-TX-79928","12753 Carefree Ave, El Paso, TX 79928",79928,El Paso,31.722994,-106.247358,Single Family,4,1,1991,6534,2026,,Active,311010,156.21,2026-06-15T00:00:00.000Z,,2026-08-08T09:33:15.009Z,54,,,Elpaso,,,,,,,,,,,,,,2026-08-09
"14-Via,-Placita,-El-Paso,-TX-79927","14 Via, Placita, El Paso, TX 79927",79927,El Paso,31.683345,-106.293993,Land,,,,38333,,,Active,380000,,2026-06-15T00:00:00.000Z,,2026-08-08T09:33:15.008Z,54,,,Elpaso,,,,,,,,,,,,,,2026-08-09
"12229-Kingsgate-Ct,-El-Paso,-TX-79928","12229 Kingsgate Ct, El Paso, TX 79928",79928,El Paso,31.699741,-106.258004,Single Family,3,1.5,1644,5227,2006,,Active,265000,161.19,2026-06-15T00:00:00.000Z,,2026-08-08T09:33:15.006Z,54,,,Elpaso,,,,,,,,,,,,,,2026-08-09
"11001-Don-January-Dr,-El-Paso,-TX-79935","11001 Don January Dr, El Paso, TX 79935",79935,El Paso,31.758806,-106.323637,Single Family,4,2.5,3059,15682,1977,,Active,558000,182.41,2026-06-15T00:00:00.000Z,,2026-08-08T09:33:15.005Z,54,,,Elpaso,,,,,,,,,,,,,,2026-08-09
"13009-Stanwick-Dr,-El-Paso,-TX-79928","13009 Stanwick Dr, El Paso, TX 79928",79928,El Paso,31.718894,-106.235343,Single Family,4,1.5,1721,5663,2026,60,Active,329950,191.72,2026-06-15T00:00:00.000Z,,2026-08-08T09:33:15.005Z,54,,,Elpaso,,,,,,,,,,,,,,2026-08-09
"13013-Stanwick-Dr,-El-Paso,-TX-79928","13013 Stanwick Dr, El Paso, TX 79928",79928,El Paso,31.718895,-106.235181,Single Family,3,2,1716,5663,2026,60,Active,329950,192.28,2026-06-15T00:00:00.000Z,,2026-08-08T09:33:15.004Z,54,,,Elpaso,,,,,,,,,,,,,,2026-08-09
"13017-Stanwick-Dr,-El-Paso,-TX-79928","13017 Stanwick Dr, El Paso, TX 79928",79928,El Paso,31.718897,-106.235018,Single Family,3,2.5,1658,5663,2026,60,Active,329950,199.0,2026-06-15T00:00:00.000Z,,2026-08-08T09:33:15.003Z,54,,,Elpaso,,,,,,,,,,,,,,2026-08-09
"13025-Stanwick-Dr,-El-Paso,-TX-79928","13025 Stanwick Dr, El Paso, TX 79928",79928,El Paso,31.7189,-106.234694,Single Family,4,1.5,1721,5663,2026,60,Active,329950,191.72,2026-06-15T00:00:00.000Z,,2026-08-08T09:33:15.001Z,54,,,Elpaso,,,,,,,,,,,,,,2026-08-09
"13029-Stanwick-Dr,-El-Paso,-TX-79928","13029 Stanwick Dr, El Paso, TX 79928",79928,El Paso,31.718901,-106.234531,Single Family,3,2,1716,5663,2026,60,Active,329950,192.28,2026-06-15T00:00:00.000Z,,2026-08-08T09:33:15.001Z,54,,,Elpaso,,,,,,,,,,,,,,2026-08-09
"13033-Stanwick-Dr,-El-Paso,-TX-79928","13033 Stanwick Dr, El Paso, TX 79928",79928,El Paso,31.718903,-106.234369,Single Family,3,2.5,1658,5663,2026,60,Active,329950,199.0,2026-06-15T00:00:00.000Z,,2026-08-08T09:33:15.000Z,54,,,Elpaso,,,,,,,,,,,,,,2026-08-09
"13041-Stanwick-Dr,-El-Paso,-TX-79928","13041 Stanwick Dr, El Paso, TX 79928",79928,El Paso,31.718906,-106.234045,Single Family,4,1.5,1721,5663,2026,60,Active,329950,191.72,2026-06-15T00:00:00.000Z,,2026-08-08T09:33:14.999Z,54,,,Elpaso,,,,,,,,,,,,,,2026-08-09
"13045-Stanwick-Dr,-El-Paso,-TX-79928","13045 Stanwick Dr, El Paso, TX 79928",79928,El Paso,31.718907,-106.233883,Single Family,3,2,1716,5663,2026,60,Active,329950,192.28,2026-06-15T00:00:00.000Z,,2026-08-08T09:33:14.998Z,54,,,Elpaso,,,,,,,,,,,,,,2026-08-09
"13049-Stanwick-Dr,-El-Paso,-TX-79928","13049 Stanwick Dr, El Paso, TX 79928",79928,El Paso,31.718909,-106.23372,Single Family,3,2.5,1658,5663,2026,60,Active,329950,199.0,2026-06-15T00:00:00.000Z,,2026-08-08T09:33:14.997Z,54,,,Elpaso,,,,,,,,,,,,,,2026-08-09
"5708-Adamsville-Ave,-El-Paso,-TX-79934","5708 Adamsville Ave, El Paso, TX 79934",79934,El Paso,31.955462,-106.411547,Single Family,3,1.5,1687,5663,2026,29,Active,329950,195.58,2026-06-15T00:00:00.000Z,,2026-08-08T09:33:14.996Z,54,,,Elpaso,,,,,,,,,,,,,,2026-08-09
"5704-Adamsville-Ave,-El-Paso,-TX-79934","5704 Adamsville Ave, El Paso, TX 79934",79934,El Paso,31.771204,-106.420001,Single Family,4,1.5,1750,5663,2026,29,Active,329950,188.54,2026-06-15T00:00:00.000Z,,2026-08-08T09:33:14.995Z,54,,,Elpaso,,,,,,,,,,,,,,2026-08-09
"3400-Harrison-Ave,-El-Paso,-TX-79930","3400 Harrison Ave, El Paso, TX 79930",79930,El Paso,31.813691,-106.453581,Single Family,5,4,2805,6534,1946,,Active,290000,103.39,2026-06-15T00:00:00.000Z,,2026-08-08T09:33:14.994Z,54,,,Elpaso,,,,,,,,,,,,,,2026-08-09
"12719-Jeremiah-Dr,-El-Paso,-TX-79928","12719 Jeremiah Dr, El Paso, TX 79928",79928,El Paso,31.674671,-106.248512,Land,,,,16553,,,Active,275000,,2026-06-15T00:00:00.000Z,,2026-08-08T09:33:14.993Z,54,,,Elpaso,,,,,,,,,,,,,,2026-08-09
"1332-Sunny-Sky-Pl,-El-Paso,-TX-79928","1332 Sunny Sky Pl, El Paso, TX 79928",79928,El Paso,31.731377,-106.254377,Single Family,4,2,2432,6098,2012,,Active,299950,123.33,2026-06-15T00:00:00.000Z,,2026-08-08T09:33:14.992Z,54,,,Elpaso,,,,,,,,,,,,,,2026-08-09
"512-Fortenberry-Pl,-El-Paso,-TX-79928","512 Fortenberry Pl, El Paso, TX 79928",79928,El Paso,31.697931,-106.25854,Single Family,3,2.5,1684,5227,2006,,Active,245000,145.49,2026-06-16T00:00:00.000Z,,2026-08-08T09:33:14.990Z,53,,,Elpaso,,,,,,,,,,,,,,2026-08-09
"12917-Brandeis-Dr,-El-Paso,-TX-79928","12917 Brandeis Dr, El Paso, TX 79928",79928,El Paso,31.67223,-106.237754,Multi-Family,6,3,1221,6534,1987,,Active,210000,171.99,2026-06-16T00:00:00.000Z,,2026-08-08T09:33:14.989Z,53,,,Elpaso,,,,,,,,,,,,,,2026-08-09
"12132-Bahjat-Dr,-El-Paso,-TX-79934","12132 Bahjat Dr, El Paso, TX 79934",79934,El Paso,31.959261,-106.354294,Single Family,4,2,1628,5227,2026,,Active,285000,175.06,2026-06-16T00:00:00.000Z,,2026-08-08T09:33:14.988Z,53,,,Elpaso,,,,,,,,,,,,,,2026-08-09
"3780-Loma-Jacinto-Dr,-El-Paso,-TX-79938","3780 Loma Jacinto Dr, El Paso, TX 79938",79938,El Paso,31.801873,-106.217888,Single Family,3,2,1324,5227,2014,,Active,234950,177.45,2026-06-16T00:00:00.000Z,,2026-08-08T09:33:14.987Z,53,,,Elpaso,,,,,,,,,,,,,,2026-08-09
"12125-Sanaa-Dr,-El-Paso,-TX-79934","12125 Sanaa Dr, El Paso, TX 79934",79934,El Paso,31.959011,-106.354027,Single Family,4,2,1587,5227,2025,,Active,282000,177.69,2026-06-16T00:00:00.000Z,,2026-08-08T09:33:14.986Z,53,,,Elpaso,,,,,,,,,,,,,,2026-08-09
"447-Chesak-Cir,-El-Paso,-TX-79905","447 Chesak Cir, El Paso, TX 79905",79905,El Paso,31.755868,-106.421861,Single Family,2,1,950,871,1952,,Active,140000,147.37,2026-06-16T00:00:00.000Z,,2026-08-08T09:33:14.985Z,53,,,Elpaso,,,,,,,,,,,,,,2026-08-09
"404-E-Hague-Rd,-El-Paso,-TX-79902","404 E Hague Rd, El Paso, TX 79902",79902,El Paso,31.772255,-106.495836,Single Family,3,3,2603,8712,1973,,Active,419000,160.97,2026-06-16T00:00:00.000Z,,2026-08-08T09:33:14.984Z,53,,,Elpaso,,,,,,,,,,,,,,2026-08-09
"4724-Marisabel-Azcarate-St,-El-Paso,-TX-79938","4724 Marisabel Azcarate St, El Paso, TX 79938",79938,El Paso,31.818777,-106.234424,Single Family,4,1.5,2629,5227,2021,,Active,345000,131.23,2026-06-16T00:00:00.000Z,,2026-08-08T09:33:14.983Z,53,,,Elpaso,,,,,,,,,,,,,,2026-08-09
"12125-Alex-Guerrero-Cir,-El-Paso,-TX-79936","12125 Alex Guerrero Cir, El Paso, TX 79936",79936,El Paso,31.758358,-106.274499,Single Family,3,2.5,1627,6098,1995,,Active,269900,165.89,2026-06-16T00:00:00.000Z,,2026-08-08T09:33:14.978Z,53,,,Elpaso,,,,,,,,,,,,,,2026-08-09
"965-Bennett-Pl,-El-Paso,-TX-79907","965 Bennett Pl, El Paso, TX 79907",79907,El Paso,31.734546,-106.332175,Single Family,3,1.5,1414,6970,1955,,Active,215000,152.05,2026-06-16T00:00:00.000Z,,2026-08-08T09:33:14.977Z,53,,,Elpaso,,,,,,,,,,,,,,2026-08-09
"13328-Emerald-Fire-Ct,-El-Paso,-TX-79928","13328 Emerald Fire Ct, El Paso, TX 79928",79928,El Paso,31.685856,-106.225829,Single Family,4,3,1811,6534,2026,65,Active,399950,220.84,2026-06-16T00:00:00.000Z,,2026-08-08T09:33:14.976Z,53,,,Elpaso,,,,,,,,,,,,,,2026-08-09
"13377-Highworth-Dr,-El-Paso,-TX-79928","13377 Highworth Dr, El Paso, TX 79928",79928,El Paso,31.709746,-106.229634,Single Family,4,3,1811,8276,2026,60,Active,399950,220.84,2026-06-16T00:00:00.000Z,,2026-08-08T09:33:14.975Z,53,,,Elpaso,,,,,,,,,,,,,,2026-08-09
"12877-Prestbury-Ave,-El-Paso,-TX-79928","12877 Prestbury Ave, El Paso, TX 79928",79928,El Paso,31.713787,-106.238422,Single Family,4,3,2174,6970,2026,60,Active,430950,198.23,2026-06-16T00:00:00.000Z,,2026-08-08T09:33:14.973Z,53,,,Elpaso,,,,,,,,,,,,,,2026-08-09
"PN-92094-Marvin-Ln,-El-Paso,-TX-79938","PN-92094 Marvin Ln, El Paso, TX 79938",79938,El Paso,31.815225,-106.16356,Land,,,,402494,,,Active,600000,,2026-06-17T00:00:00.000Z,,2026-08-08T09:33:14.972Z,52,,,Elpaso,,,,,,,,,,,,,,2026-08-09
"13332-Emerald-Fire-Ct,-El-Paso,-TX-79928","13332 Emerald Fire Ct, El Paso, TX 79928",79928,El Paso,31.685893,-106.22564,Single Family,4,3,2162,6534,2026,65,Active,430950,199.33,2026-06-17T00:00:00.000Z,,2026-08-08T09:33:14.971Z,52,,,Elpaso,,,,,,,,,,,,,,2026-08-09
"14464-Jacinto-Ramos-Ave,-El-Paso,-TX-79938","14464 Jacinto Ramos Ave, El Paso, TX 79938",79938,El Paso,31.81623,-106.237917,Single Family,3,2,1254,5663,2013,,Active,228000,181.82,2026-06-17T00:00:00.000Z,,2026-08-08T09:33:14.970Z,52,,,Elpaso,,,,,,,,,,,,,,2026-08-09
"7285-Cimarron-Gap-Dr,-El-Paso,-TX-79911","7285 Cimarron Gap Dr, El Paso, TX 79911",79911,El Paso,31.895643,-106.563212,Single Family,4,3,2266,7405,2026,25,Active,569950,251.52,2026-06-17T00:00:00.000Z,,2026-08-08T09:33:14.969Z,52,,,Elpaso,,,,,,,,,,,,,,2026-08-09
"11710-Dick-Mayers-Dr,-El-Paso,-TX-79936","11710 Dick Mayers Dr, El Paso, TX 79936",79936,El Paso,31.754395,-106.288973,Single Family,3,1.5,1295,6098,1982,,Active,199500,154.05,2026-06-17T00:00:00.000Z,,2026-08-08T09:33:14.968Z,52,,,Elpaso,,,,,,,,,,,,,,2026-08-09
"3100-Tierra-Nora-Dr,-El-Paso,-TX-79938","3100 Tierra Nora Dr, El Paso, TX 79938",79938,El Paso,31.787385,-106.248966,Single Family,5,2.5,2714,6534,2005,,Active,309950,114.2,2026-06-17T00:00:00.000Z,,2026-08-08T09:33:14.967Z,52,,,Elpaso,,,,,,,,,,,,,,2026-08-09
"PN-37928-Natalbany-Pl,-El-Paso,-TX-79928","PN-37928 Natalbany Pl, El Paso, TX 79928",79928,El Paso,31.709022,-106.072599,Land,,,,21780,,,Active,6000,,2026-06-17T00:00:00.000Z,,2026-08-08T09:33:14.965Z,52,,,Elpaso,,,,,,,,,,,,,,2026-08-09
"PN-252580-Lacombe-St,-El-Paso,-TX-79928","PN-252580 Lacombe St, El Paso, TX 79928",79928,El Paso,31.709312,-106.073779,Land,,,,21780,,,Active,6000,,2026-06-17T00:00:00.000Z,,2026-08-08T09:33:14.964Z,52,,,Elpaso,,,,,,,,,,,,,,2026-08-09
"9728-Calle-Cancun-St,-El-Paso,-TX-79927","9728 Calle Cancun St, El Paso, TX 79927",79927,El Paso,31.645425,-106.268717,Single Family,5,3.5,2837,6098,2026,,Active,439950,155.08,2026-06-17T00:00:00.000Z,,2026-08-08T09:33:14.963Z,52,,,Elpaso,,,,,,,,,,,,,,2026-08-09
"PN-229400-Tbd-Bob-Hope-Dr,-El-Paso,-TX-79928","PN-229400 Tbd Bob Hope Dr, El Paso, TX 79928",79928,El Paso,31.712693,-106.255956,Land,,,,217800,,,Active,995000,,2026-06-17T00:00:00.000Z,,2026-08-08T09:33:14.955Z,52,,,Elpaso,,,,,,,,,,,,,,2026-08-09
"9417-Falkirk-Dr,-El-Paso,-TX-79925","9417 Falkirk Dr, El Paso, TX 79925",79925,El Paso,31.792265,-106.359993,Single Family,3,2,1796,7405,1957,,Active,216999,120.82,2026-06-17T00:00:00.000Z,,2026-08-08T09:33:14.955Z,52,,,Elpaso,,,,,,,,,,,,,,2026-08-09
"404-Rocca-Ln,-El-Paso,-TX-79915","404 Rocca Ln, El Paso, TX 79915",79915,El Paso,31.721841,-106.368832,Single Family,4,2,1476,6534,1973,,Active,213700,144.78,2026-06-18T00:00:00.000Z,,2026-08-08T09:33:14.954Z,51,,,Elpaso,,,,,,,,,,,,,,2026-08-09
"900-Via-Redonda-Ct,-El-Paso,-TX-79912","900 Via Redonda Ct, El Paso, TX 79912",79912,El Paso,31.860771,-106.519435,Single Family,5,4,3326,8276,1991,,Active,619900,186.38,2026-06-18T00:00:00.000Z,,2026-08-08T09:33:14.952Z,51,,,Elpaso,,,,,,,,,,,,,,2026-08-09
"14913-Sunny-Land-Ave,-El-Paso,-TX-79938","14913 Sunny Land Ave, El Paso, TX 79938",79938,El Paso,31.7887,-106.202143,Single Family,4,2,1448,6098,2017,,Active,245000,169.2,2026-06-18T00:00:00.000Z,,2026-08-08T09:33:14.952Z,51,,,Elpaso,,,,,,,,,,,,,,2026-08-09
"1369-Luz-Carpio-Way,-El-Paso,-TX-79936","1369 Luz Carpio Way, El Paso, TX 79936",79936,El Paso,31.724733,-106.274617,Single Family,4,2.5,2642,8712,2001,,Active,349000,132.1,2026-06-19T00:00:00.000Z,,2026-08-08T09:33:14.951Z,50,,,Elpaso,,,,,,,,,,,,,,2026-08-09
"4812-Marisabel-Azcarate-St,-El-Paso,-TX-79938","4812 Marisabel Azcarate St, El Paso, TX 79938",79938,El Paso,31.819797,-106.234429,Single Family,4,2.5,2408,5227,2022,,Active,327500,136.0,2026-06-18T00:00:00.000Z,,2026-08-08T09:33:14.950Z,51,,,Elpaso,,,,,,,,,,,,,,2026-08-09
"1664-Lark-Bunting-Ln,-El-Paso,-TX-79911","1664 Lark Bunting Ln, El Paso, TX 79911",79911,El Paso,31.884024,-106.559052,Single Family,4,3,2432,6098,2014,25,Active,457400,188.08,2026-06-18T00:00:00.000Z,,2026-08-08T09:33:14.949Z,51,,,Elpaso,,,,,,,,,,,,,,2026-08-09
"1821-Por-Fin-Ln,-El-Paso,-TX-79907","1821 Por Fin Ln, El Paso, TX 79907",79907,El Paso,31.698519,-106.327831,Land,,,,3485,,,Active,35000,,2026-06-18T00:00:00.000Z,,2026-08-08T09:33:14.949Z,51,,,Elpaso,,,,,,,,,,,,,,2026-08-09
"3245-Bell-Point-Dr,-El-Paso,-TX-79938","3245 Bell Point Dr, El Paso, TX 79938",79938,El Paso,31.790229,-106.233535,Single Family,4,2.5,1893,5227,2010,,Active,269500,142.37,2026-06-18T00:00:00.000Z,,2026-08-08T09:33:14.948Z,51,,,Elpaso,,,,,,,,,,,,,,2026-08-09
"10101-Woodway-Dr,-El-Paso,-TX-79925","10101 Woodway Dr, El Paso, TX 79925",79925,El Paso,31.769461,-106.348599,Single Family,3,2.5,2561,12197,1972,,Active,495000,193.28,2026-06-18T00:00:00.000Z,,2026-08-08T09:33:14.947Z,51,,,Elpaso,,,,,,,,,,,,,,2026-08-09
"5404-E-River-Ln,-El-Paso,-TX-79932","5404 E River Ln, El Paso, TX 79932",79932,El Paso,31.854961,-106.597326,Single Family,5,4.5,4631,20038,2016,,Active,1350000,291.51,2026-06-18T00:00:00.000Z,,2026-08-08T09:33:14.946Z,51,,,Elpaso,,,,,,,,,,,,,,2026-08-09
"15060-Resolve-Dr,-El-Paso,-TX-79938","15060 Resolve Dr, El Paso, TX 79938",79938,El Paso,31.811589,-106.196857,Single Family,3,2,1672,5663,2026,,Active,334950,200.33,2026-06-18T00:00:00.000Z,,2026-08-08T09:33:14.946Z,51,,,Elpaso,,,,,,,,,,,,,,2026-08-09
"4918-Sierra-Madre-Dr,-El-Paso,-TX-79904","4918 Sierra Madre Dr, El Paso, TX 79904",79904,El Paso,31.859472,-106.425801,Single Family,3,1,1173,6970,1954,,Active,196000,167.09,2026-06-19T00:00:00.000Z,,2026-08-08T09:33:14.945Z,50,,,Elpaso,,,,,,,,,,,,,,2026-08-09
"15200-Endurance-Ave,-El-Paso,-TX-79938","15200 Endurance Ave, El Paso, TX 79938",79938,El Paso,31.809826,-106.193035,Single Family,4,2,1743,6098,2026,,Active,342950,196.76,2026-06-18T00:00:00.000Z,,2026-08-08T09:33:14.944Z,51,,,Elpaso,,,,,,,,,,,,,,2026-08-09
"1232-Galloway-Dr,-El-Paso,-TX-79902","1232 Galloway Dr, El Paso, TX 79902",79902,El Paso,31.786341,-106.495153,Single Family,4,2,3848,10454,1939,,Active,1169000,303.79,2026-06-18T00:00:00.000Z,,2026-08-08T09:33:14.944Z,51,,,Elpaso,,,,,,,,,,,,,,2026-08-09
"3700-Mckinley-Ave,-El-Paso,-TX-79930","3700 Mckinley Ave, El Paso, TX 79930",79930,El Paso,31.809336,-106.44906,Single Family,3,2,1574,6534,1943,,Active,269900,171.47,2026-06-19T00:00:00.000Z,,2026-08-08T09:33:14.943Z,50,,,Elpaso,,,,,,,,,,,,,,2026-08-09
"7417-Enchanted-Point-Dr,-El-Paso,-TX-79911","7417 Enchanted Point Dr, El Paso, TX 79911",79911,El Paso,31.922731,-106.569067,Single Family,4,3,1904,6970,2023,,Active,499500,262.34,2026-06-18T00:00:00.000Z,,2026-08-08T09:33:14.942Z,51,,,Elpaso,,,,,,,,,,,,,,2026-08-09
"12249-Desert-Vista-Ave,-El-Paso,-TX-79938","12249 Desert Vista Ave, El Paso, TX 79938",79938,El Paso,31.817199,-106.261569,Single Family,3,2.5,1660,5663,2020,,Active,280000,168.67,2026-06-18T00:00:00.000Z,,2026-08-08T09:33:14.941Z,51,,,Elpaso,,,,,,,,,,,,,,2026-08-09
"14433-Eastbrook-Dr,-El-Paso,-TX-79938","14433 Eastbrook Dr, El Paso, TX 79938",79938,El Paso,31.819535,-106.240049,Single Family,4,2.5,2692,5227,2020,,Active,319500,118.68,2026-06-19T00:00:00.000Z,,2026-08-08T09:33:14.940Z,50,,,Elpaso,,,,,,,,,,,,,,2026-08-09
"5620-River-Run-St,-El-Paso,-TX-79932","5620 River Run St, El Paso, TX 79932",79932,El Paso,31.86165,-106.611019,Single Family,4,3.5,3097,13068,2024,250,Active,839999,271.23,2026-06-19T00:00:00.000Z,,2026-08-08T09:33:14.940Z,50,,,Elpaso,,,,,,,,,,,,,,2026-08-09
"221-Montebello-Dr,-El-Paso,-TX-79912","221 Montebello Dr, El Paso, TX 79912",79912,El Paso,31.832703,-106.549145,Townhouse,3,1.5,1416,1742,1972,410,Active,230000,162.43,2026-06-19T00:00:00.000Z,,2026-08-08T09:33:14.939Z,50,,,Elpaso,,,,,,,,,,,,,,2026-08-09
"4720-Tropicana-Ave,-El-Paso,-TX-79924","4720 Tropicana Ave, El Paso, TX 79924",79924,El Paso,31.906464,-106.434202,Single Family,4,1,1649,7405,1968,,Active,255000,154.64,2026-06-18T00:00:00.000Z,,2026-08-08T09:33:14.938Z,51,,,Elpaso,,,,,,,,,,,,,,2026-08-09
"3653-Aja-Koren-Pl,-El-Paso,-TX-79938","3653 Aja Koren Pl, El Paso, TX 79938",79938,El Paso,31.797772,-106.255721,Single Family,3,2,2273,10019,2005,,Active,374900,164.94,2026-06-19T00:00:00.000Z,,2026-08-08T09:33:14.938Z,50,,,Elpaso,,,,,,,,,,,,,,2026-08-09
"3550-Broken-Arrow-Dr,-El-Paso,-TX-79936","3550 Broken Arrow Dr, El Paso, TX 79936",79936,El Paso,31.795555,-106.299001,Single Family,5,2,1698,6098,1990,,Active,249950,147.2,2026-06-20T00:00:00.000Z,,2026-08-08T09:33:14.937Z,49,,,Elpaso,,,,,,,,,,,,,,2026-08-09
"418-Masoud-Ct,-El-Paso,-TX-79932","418 Masoud Ct, El Paso, TX 79932",79932,El Paso,31.890776,-106.604255,Single Family,5,1.5,3116,10019,2026,,Active,795000,255.13,2026-06-19T00:00:00.000Z,,2026-08-08T09:33:14.935Z,50,,,Elpaso,,,,,,,,,,,,,,2026-08-09
"871-Country-Club-Rd,-Unit-4E,-El-Paso,-TX-79932","871 Country Club Rd, Unit 4E, El Paso, TX 79932",79932,El Paso,31.8468,-106.607376,Multi-Family,3,3,1927,,2026,100,Active,495000,256.88,2026-06-19T00:00:00.000Z,,2026-08-08T09:33:14.932Z,50,,,Elpaso,,,,,,,,,,,,,,2026-08-09
"15561-Newkirk-Rd,-El-Paso,-TX-79928","15561 Newkirk Rd, El Paso, TX 79928",79928,El Paso,31.643639,-106.126686,Land,,,,46609,,,Active,90000,,2026-06-20T00:00:00.000Z,,2026-08-08T09:33:14.932Z,49,,,Elpaso,,,,,,,,,,,,,,2026-08-09
"1101-Doyle-Pl,-El-Paso,-TX-79907","1101 Doyle Pl, El Paso, TX 79907",79907,El Paso,31.738697,-106.332518,Single Family,3,2,1705,6970,1957,,Active,229950,134.87,2026-06-18T00:00:00.000Z,,2026-08-08T09:33:14.931Z,51,,,Elpaso,,,,,,,,,,,,,,2026-08-09
"360-Rio-Estancia-Dr,-El-Paso,-TX-79932","360 Rio Estancia Dr, El Paso, TX 79932",79932,El Paso,31.863146,-106.601007,Single Family,4,3.5,2986,11761,1984,,Active,475000,159.08,2026-06-19T00:00:00.000Z,,2026-08-08T09:33:14.930Z,50,,,Elpaso,,,,,,,,,,,,,,2026-08-09
"10541-Eaglestone-Way,-El-Paso,-TX-79925","10541 Eaglestone Way, El Paso, TX 79925",79925,El Paso,31.791514,-106.333361,Single Family,4,1,1944,13068,1972,,Active,248000,127.57,2026-06-20T00:00:00.000Z,,2026-08-08T09:33:14.930Z,49,,,Elpaso,,,,,,,,,,,,,,2026-08-09
"7300-Cimarron-Gap-Dr,-El-Paso,-TX-79911","7300 Cimarron Gap Dr, El Paso, TX 79911",79911,El Paso,31.897003,-106.559906,Single Family,4,3,2092,7841,2026,25,Active,539950,258.1,2026-06-22T00:00:00.000Z,,2026-08-08T09:33:14.929Z,47,,,Elpaso,,,,,,,,,,,,,,2026-08-09
"12848-Carefree-Ave,-El-Paso,-TX-79928","12848 Carefree Ave, El Paso, TX 79928",79928,El Paso,31.722779,-106.248058,Single Family,4,1,1991,6534,2026,,Active,311260,156.33,2026-06-21T00:00:00.000Z,,2026-08-08T09:33:14.928Z,48,,,Elpaso,,,,,,,,,,,,,,2026-08-09
"4015-Emory-Rd,-El-Paso,-TX-79922","4015 Emory Rd, El Paso, TX 79922",79922,El Paso,31.814627,-106.563057,Land,,,,43560,,,Active,385000,,2026-06-23T00:00:00.000Z,,2026-08-08T09:33:14.928Z,46,,,Elpaso,,,,,,,,,,,,,,2026-08-09
"14401-Hovland-Ln,-El-Paso,-TX-79938","14401 Hovland Ln, El Paso, TX 79938",79938,El Paso,31.830199,-106.183262,Manufactured,3,2,1216,21344,2024,,Active,175000,143.91,2026-06-19T00:00:00.000Z,,2026-08-08T09:33:14.927Z,50,,,Elpaso,,,,,,,,,,,,,,2026-08-09
"12713-Cono-Norte-Dr,-El-Paso,-TX-79934","12713 Cono Norte Dr, El Paso, TX 79934",79934,El Paso,31.975719,-106.35561,Single Family,3,2.5,1596,5227,2026,,Active,283950,177.91,2026-06-20T00:00:00.000Z,,2026-08-08T09:33:14.924Z,49,,,Elpaso,,,,,,,,,,,,,,2026-08-09
"323-Vivian-Dr,-El-Paso,-TX-79915","323 Vivian Dr, El Paso, TX 79915",79915,El Paso,31.746852,-106.39922,Single Family,3,1,1075,6534,1953,,Active,149000,138.6,2026-06-22T00:00:00.000Z,,2026-08-08T09:33:14.921Z,47,,,Elpaso,,,,,,,,,,,,,,2026-08-09
"4069-Tierra-Bronce-Dr,-El-Paso,-TX-79938","4069 Tierra Bronce Dr, El Paso, TX 79938",79938,El Paso,31.804413,-106.226988,Single Family,4,2,1334,4792,2007,,Active,210000,157.42,2026-06-22T00:00:00.000Z,,2026-08-08T09:33:14.921Z,47,,,Elpaso,,,,,,,,,,,,,,2026-08-09
"12712-Tierra-Aurora-Dr,-El-Paso,-TX-79938","12712 Tierra Aurora Dr, El Paso, TX 79938",79938,El Paso,31.797448,-106.247697,Single Family,5,2.5,2154,6098,2005,,Active,315000,146.24,2026-06-20T00:00:00.000Z,,2026-08-08T09:33:14.919Z,49,,,Elpaso,,,,,,,,,,,,,,2026-08-09
"1702-Calle-Paz-Pl,-El-Paso,-TX-79935","1702 Calle Paz Pl, El Paso, TX 79935",79935,El Paso,31.763095,-106.33025,Townhouse,3,2.5,1524,2614,1979,,Active,210000,137.8,2026-06-20T00:00:00.000Z,,2026-08-08T09:33:14.918Z,49,,,Elpaso,,,,,,,,,,,,,,2026-08-09
"540-Spring-Crest-Dr,-El-Paso,-TX-79912","540 Spring Crest Dr, El Paso, TX 79912",79912,El Paso,31.8402,-106.520494,Single Family,4,1,2578,8276,1991,,Active,389000,150.89,2026-06-23T00:00:00.000Z,,2026-08-08T09:33:14.917Z,46,,,Elpaso,,,,,,,,,,,,,,2026-08-09
"200-Edgar-Rd,-El-Paso,-TX-79932","200 Edgar Rd, El Paso, TX 79932",79932,El Paso,31.869677,-106.588951,Single Family,3,3,2626,16117,1980,,Active,269900,102.78,2026-06-20T00:00:00.000Z,,2026-08-08T09:33:14.901Z,49,,,Elpaso,,,,,,,,,,,,,,2026-08-09
"9003-Magnetic-St,-El-Paso,-TX-79904","9003 Magnetic St, El Paso, TX 79904",79904,El Paso,31.867394,-106.453962,Single Family,4,2,2456,9583,1974,,Active,339900,138.4,2026-06-22T00:00:00.000Z,,2026-08-08T09:33:14.900Z,47,,,Elpaso,,,,,,,,,,,,,,2026-08-09
"14657-Friesian-Trl,-El-Paso,-TX-79938","14657 Friesian Trl, El Paso, TX 79938",79938,El Paso,31.797777,-106.210507,Single Family,3,2.5,1766,5227,2015,,Active,264900,150.0,2026-06-22T00:00:00.000Z,,2026-08-08T09:33:14.897Z,47,,,Elpaso,,,,,,,,,,,,,,2026-08-09
"10929-Bullseye-St,-El-Paso,-TX-79934","10929 Bullseye St, El Paso, TX 79934",79934,El Paso,31.930869,-106.429946,Single Family,3,2.5,2119,5663,2006,,Active,301875,142.46,2026-06-23T00:00:00.000Z,,2026-08-08T09:33:14.897Z,46,,,Elpaso,,,,,,,,,,,,,,2026-08-09
"3260-Maple-Point-Dr,-El-Paso,-TX-79938","3260 Maple Point Dr, El Paso, TX 79938",79938,El Paso,31.794398,-106.218211,Single Family,3,2,1493,5227,2008,,Active,229950,154.02,2026-06-22T00:00:00.000Z,,2026-08-08T09:33:14.896Z,47,,,Elpaso,,,,,,,,,,,,,,2026-08-09
"3092-Tierra-Bowles-Dr,-El-Paso,-TX-79938","3092 Tierra Bowles Dr, El Paso, TX 79938",79938,El Paso,31.787481,-106.245383,Single Family,3,2,1197,5227,2006,,Active,219950,183.75,2026-06-23T00:00:00.000Z,,2026-08-08T09:33:14.896Z,46,,,Elpaso,,,,,,,,,,,,,,2026-08-09
"15308-Resolve-Dr,-El-Paso,-TX-79938","15308 Resolve Dr, El Paso, TX 79938",79938,El Paso,31.811553,-106.191221,Single Family,5,3,2150,5663,2025,,Active,357950,166.49,2026-06-22T00:00:00.000Z,,2026-08-08T09:33:14.887Z,47,,,Elpaso,,,,,,,,,,,,,,2026-08-09
"7833-Enchanted-Trail-Dr,-El-Paso,-TX-79911","7833 Enchanted Trail Dr, El Paso, TX 79911",79911,El Paso,31.916133,-106.578246,Single Family,3,3,2257,5663,2018,,Active,375000,166.15,2026-06-24T00:00:00.000Z,,2026-08-08T09:33:14.887Z,45,,,Elpaso,,,,,,,,,,,,,,2026-08-09
"2813-Doug-Ford-Dr,-El-Paso,-TX-79935","2813 Doug Ford Dr, El Paso, TX 79935",79935,El Paso,31.78085,-106.327109,Single Family,3,2,1919,7841,1975,,Active,260000,135.49,2026-06-23T00:00:00.000Z,,2026-08-08T09:33:14.886Z,46,,,Elpaso,,,,,,,,,,,,,,2026-08-09
"15036-Allegiance-Ave,-El-Paso,-TX-79938","15036 Allegiance Ave, El Paso, TX 79938",79938,El Paso,31.785602,-106.19743,Single Family,4,2,1844,7841,2026,,Active,355950,193.03,2026-06-23T00:00:00.000Z,,2026-08-08T09:33:14.886Z,46,,,Elpaso,,,,,,,,,,,,,,2026-08-09
"7730-Enchanted-View-Dr,-El-Paso,-TX-79911","7730 Enchanted View Dr, El Paso, TX 79911",79911,El Paso,31.918614,-106.574433,Single Family,5,3.5,2686,9583,2017,,Active,465000,173.12,2026-06-24T00:00:00.000Z,,2026-08-08T09:33:14.884Z,45,,,Elpaso,,,,,,,,,,,,,,2026-08-09
"808-Rotterdam-Way,-El-Paso,-TX-79912","808 Rotterdam Way, El Paso, TX 79912",79912,El Paso,31.856306,-106.556792,Single Family,4,2.5,2677,11761,1987,,Active,399950,149.4,2026-06-23T00:00:00.000Z,,2026-08-08T09:33:14.883Z,46,,,Elpaso,,,,,,,,,,,,,,2026-08-09
"12645-Sun-Haven-Dr,-El-Paso,-TX-79938","12645 Sun Haven Dr, El Paso, TX 79938",79938,El Paso,31.765936,-106.253215,Single Family,4,2,1820,6534,2001,,Active,295000,162.09,2026-06-24T00:00:00.000Z,,2026-08-08T09:33:14.883Z,45,,,Elpaso,,,,,,,,,,,,,,2026-08-09
"15113-Allegiance-Ave,-El-Paso,-TX-79938","15113 Allegiance Ave, El Paso, TX 79938",79938,El Paso,31.785463,-106.193614,Single Family,4,3,2225,7841,2026,,Active,424950,190.99,2026-06-23T00:00:00.000Z,,2026-08-08T09:33:14.879Z,46,,,Elpaso,,,,,,,,,,,,,,2026-08-09
"15121-Allegiance-Ave,-El-Paso,-TX-79938","15121 Allegiance Ave, El Paso, TX 79938",79938,El Paso,31.784824,-106.194107,Single Family,4,2.5,2290,7841,2026,,Active,439950,192.12,2026-06-23T00:00:00.000Z,,2026-08-08T09:33:14.879Z,46,,,Elpaso,,,,,,,,,,,,,,2026-08-09
"15040-Allegiance-Ave,-El-Paso,-TX-79938","15040 Allegiance Ave, El Paso, TX 79938",79938,El Paso,31.78507,-106.193433,Single Family,4,2.5,2004,7841,2026,,Active,378950,189.1,2026-06-23T00:00:00.000Z,,2026-08-08T09:33:14.878Z,46,,,Elpaso,,,,,,,,,,,,,,2026-08-09
"14636-Ginger-Kerrick,-El-Paso,-TX-79938","14636 Ginger Kerrick, El Paso, TX 79938",79938,El Paso,31.791375,-106.211028,Single Family,3,2,1757,5663,2013,,Active,264900,150.77,2026-06-24T00:00:00.000Z,,2026-08-08T09:33:14.878Z,45,,,Elpaso,,,,,,,,,,,,,,2026-08-09
"1093-Summer-Rain-St,-El-Paso,-TX-79928","1093 Summer Rain St, El Paso, TX 79928",79928,El Paso,31.715004,-106.202809,Single Family,4,2,1883,5227,2022,,Active,280000,148.7,2026-06-24T00:00:00.000Z,,2026-08-08T09:33:14.877Z,45,,,Elpaso,,,,,,,,,,,,,,2026-08-09
"3872-Belief-Ln,-El-Paso,-TX-79938","3872 Belief Ln, El Paso, TX 79938",79938,El Paso,31.80755,-106.188771,Single Family,3,2,1600,5663,2026,,Active,312500,195.31,2026-06-24T00:00:00.000Z,,2026-08-08T09:33:14.877Z,45,,,Elpaso,,,,,,,,,,,,,,2026-08-09
"15137-Allegiance-Ave,-El-Paso,-TX-79938","15137 Allegiance Ave, El Paso, TX 79938",79938,El Paso,31.784781,-106.190822,Single Family,4,2,1844,7841,2026,,Active,379950,206.05,2026-06-23T00:00:00.000Z,,2026-08-08T09:33:14.875Z,46,,,Elpaso,,,,,,,,,,,,,,2026-08-09
"15117-Allegiance-Ave,-El-Paso,-TX-79938","15117 Allegiance Ave, El Paso, TX 79938",79938,El Paso,31.785371,-106.194204,Single Family,4,3.5,2300,7841,2026,,Active,445950,193.89,2026-06-23T00:00:00.000Z,,2026-08-08T09:33:14.875Z,46,,,Elpaso,,,,,,,,,,,,,,2026-08-09
"15141-Allegiance,-El-Paso,-TX-79938","15141 Allegiance, El Paso, TX 79938",79938,El Paso,31.784377,-106.19371,Single Family,4,3,2160,7841,2026,,Active,414950,192.11,2026-06-23T00:00:00.000Z,,2026-08-08T09:33:14.874Z,46,,,Elpaso,,,,,,,,,,,,,,2026-08-09
"15145-Allegiance-Ave,-El-Paso,-TX-79938","15145 Allegiance Ave, El Paso, TX 79938",79938,El Paso,31.785399,-106.193292,Single Family,4,2.5,2225,7841,2026,,Active,439950,197.73,2026-06-23T00:00:00.000Z,,2026-08-08T09:33:14.873Z,46,,,Elpaso,,,,,,,,,,,,,,2026-08-09
"15133-Conviction-Ave,-El-Paso,-TX-79938","15133 Conviction Ave, El Paso, TX 79938",79938,El Paso,31.812332,-106.194848,Single Family,3,2,1450,5227,2026,,Active,302950,208.93,2026-06-23T00:00:00.000Z,,2026-08-08T09:33:14.873Z,46,,,Elpaso,,,,,,,,,,,,,,2026-08-09
"6337-Franklin-Red-Dr,-El-Paso,-TX-79912","6337 Franklin Red Dr, El Paso, TX 79912",79912,El Paso,31.871958,-106.532487,Single Family,4,3,2695,8276,2003,,Active,635500,235.81,2026-06-26T00:00:00.000Z,,2026-08-08T09:31:42.242Z,43,,,Elpaso,,,,,,,,,,,,,,2026-08-09
"604-Rosinante-Rd,-El-Paso,-TX-79922","604 Rosinante Rd, El Paso, TX 79922",79922,El Paso,31.821645,-106.585094,Single Family,5,3.5,3387,10890,2002,70,Active,690000,203.72,2026-06-24T00:00:00.000Z,,2026-08-08T09:31:42.220Z,45,,,Elpaso,,,,,,,,,,,,,,2026-08-09
"15024-Laura-Ln,-El-Paso,-TX-79938","15024 Laura Ln, El Paso, TX 79938",79938,El Paso,31.809334,-106.197807,Single Family,4,2.5,2044,6098,2026,,Active,368950,180.5,2026-06-24T00:00:00.000Z,,2026-08-08T09:31:42.219Z,45,,,Elpaso,,,,,,,,,,,,,,2026-08-09
"14312-Owl-Point-Ave,-El-Paso,-TX-79938","14312 Owl Point Ave, El Paso, TX 79938",79938,El Paso,31.775053,-106.22364,Single Family,3,2,1847,5663,2012,,Active,239000,129.4,2026-06-24T00:00:00.000Z,,2026-08-08T09:31:42.218Z,45,,,Elpaso,,,,,,,,,,,,,,2026-08-09
"12833-Kingsbury-Ave,-El-Paso,-TX-79928","12833 Kingsbury Ave, El Paso, TX 79928",79928,El Paso,31.715099,-106.241219,Single Family,3,2.5,1690,6098,2026,60,Active,324950,192.28,2026-06-24T00:00:00.000Z,,2026-08-08T09:31:42.217Z,45,,,Elpaso,,,,,,,,,,,,,,2026-08-09
"12837-Kingsbury-Ave,-El-Paso,-TX-79928","12837 Kingsbury Ave, El Paso, TX 79928",79928,El Paso,31.715099,-106.241043,Single Family,3,1.5,1716,6970,2025,60,Active,329950,192.28,2026-06-24T00:00:00.000Z,,2026-08-08T09:31:42.216Z,45,,,Elpaso,,,,,,,,,,,,,,2026-08-09
"12849-Kingsbury-Ave,-El-Paso,-TX-79928","12849 Kingsbury Ave, El Paso, TX 79928",79928,El Paso,31.715107,-106.240509,Single Family,3,2.5,1690,6098,2026,60,Active,324950,192.28,2026-06-24T00:00:00.000Z,,2026-08-08T09:31:42.214Z,45,,,Elpaso,,,,,,,,,,,,,,2026-08-09
"12853-Kingsbury-Ave,-El-Paso,-TX-79928","12853 Kingsbury Ave, El Paso, TX 79928",79928,El Paso,31.715122,-106.240328,Single Family,3,1.5,1716,6098,2026,60,Active,329950,192.28,2026-06-24T00:00:00.000Z,,2026-08-08T09:31:42.213Z,45,,,Elpaso,,,,,,,,,,,,,,2026-08-09
"12732-Fredricksberg-Ave,-El-Paso,-TX-79928","12732 Fredricksberg Ave, El Paso, TX 79928",79928,El Paso,31.711062,-106.245655,Single Family,4,2.5,1723,5227,2026,,Active,329950,191.5,2026-06-24T00:00:00.000Z,,2026-08-08T09:31:42.212Z,45,,,Elpaso,,,,,,,,,,,,,,2026-08-09
"12873-Spetchley-Ct,-El-Paso,-TX-79928","12873 Spetchley Ct, El Paso, TX 79928",79928,El Paso,31.714648,-106.239092,Single Family,3,2,1716,6098,2026,60,Active,329950,192.28,2026-06-24T00:00:00.000Z,,2026-08-08T09:31:42.209Z,45,,,Elpaso,,,,,,,,,,,,,,2026-08-09
"4025-Hueco-Valley-Dr,-El-Paso,-TX-79938","4025 Hueco Valley Dr, El Paso, TX 79938",79938,El Paso,31.80613,-106.243891,Single Family,3,2,1163,479160,2011,,Active,215000,184.87,2026-06-24T00:00:00.000Z,,2026-08-08T09:31:42.207Z,45,,,Elpaso,,,,,,,,,,,,,,2026-08-09
"12864-Kingsbury-Ave,-El-Paso,-TX-79928","12864 Kingsbury Ave, El Paso, TX 79928",79928,El Paso,31.714842,-106.23945,Single Family,3,2,1716,6534,2026,60,Active,329950,192.28,2026-06-24T00:00:00.000Z,,2026-08-08T09:31:42.205Z,45,,,Elpaso,,,,,,,,,,,,,,2026-08-09
"12709-Fredricksberg-Ave,-El-Paso,-TX-79928","12709 Fredricksberg Ave, El Paso, TX 79928",79928,El Paso,31.711479,-106.24673,Single Family,4,2.5,1877,5227,2026,,Active,355950,189.64,2026-06-24T00:00:00.000Z,,2026-08-08T09:31:42.203Z,45,,,Elpaso,,,,,,,,,,,,,,2026-08-09
"14008-Sandy-Point-Ln,-El-Paso,-TX-79938","14008 Sandy Point Ln, El Paso, TX 79938",79938,El Paso,31.787337,-106.237532,Single Family,4,2.5,2036,7841,2011,,Active,320000,157.17,2026-06-24T00:00:00.000Z,,2026-08-08T09:31:42.202Z,45,,,Elpaso,,,,,,,,,,,,,,2026-08-09
"14204-Otter-Point-Ct,-El-Paso,-TX-79938","14204 Otter Point Ct, El Paso, TX 79938",79938,El Paso,31.774339,-106.231697,Single Family,4,2.5,2473,5227,2011,,Active,265900,107.52,2026-06-24T00:00:00.000Z,,2026-08-08T09:31:42.201Z,45,,,Elpaso,,,,,,,,,,,,,,2026-08-09
"10196-Skunkbush-St,-El-Paso,-TX-79927","10196 Skunkbush St, El Paso, TX 79927",79927,El Paso,31.673048,-106.266896,Single Family,4,2.5,1938,7841,2023,,Active,299900,154.75,2026-06-25T00:00:00.000Z,,2026-08-08T09:31:42.200Z,44,,,Elpaso,,,,,,,,,,,,,,2026-08-09
"608-El-Gusto-Dr,-El-Paso,-TX-79912","608 El Gusto Dr, El Paso, TX 79912",79912,El Paso,31.85044,-106.535802,Single Family,4,2,2282,9148,1991,,Active,348750,152.83,2026-06-25T00:00:00.000Z,,2026-08-08T09:31:42.199Z,44,,,Elpaso,,,,,,,,,,,,,,2026-08-09
"421-Irondale-Dr,-Apt-E,-El-Paso,-TX-79912","421 Irondale Dr, Apt E, El Paso, TX 79912",79912,El Paso,31.832394,-106.513038,Townhouse,3,1.5,1538,129373,1980,255,Active,228000,148.24,2026-06-25T00:00:00.000Z,,2026-08-08T09:31:42.198Z,44,,,Elpaso,,,,,,,,,,,,,,2026-08-09
"14529-John-Mcneely-Ave,-El-Paso,-TX-79938","14529 John Mcneely Ave, El Paso, TX 79938",79938,El Paso,31.770108,-106.214483,Single Family,6,2,2653,7405,2023,,Active,510000,192.24,2026-06-25T00:00:00.000Z,,2026-08-08T09:31:42.196Z,44,,,Elpaso,,,,,,,,,,,,,,2026-08-09
"8720-Aranda-Ln,-El-Paso,-TX-79907","8720 Aranda Ln, El Paso, TX 79907",79907,El Paso,31.701289,-106.33344,Single Family,3,2,1748,7405,1954,,Active,245000,140.16,2026-06-25T00:00:00.000Z,,2026-08-08T09:31:42.195Z,44,,,Elpaso,,,,,,,,,,,,,,2026-08-09
"14000-Tower-Point-Way,-El-Paso,-TX-79938","14000 Tower Point Way, El Paso, TX 79938",79938,El Paso,31.788185,-106.236984,Single Family,3,2,2179,12197,2009,,Active,299900,137.63,2026-06-25T00:00:00.000Z,,2026-08-08T09:31:42.194Z,44,,,Elpaso,,,,,,,,,,,,,,2026-08-09
"3111-Amistoso-St,-El-Paso,-TX-79938","3111 Amistoso St, El Paso, TX 79938",79938,El Paso,31.770567,-106.243001,Single Family,4,2.5,2042,6098,2013,,Active,289999,142.02,2026-06-25T00:00:00.000Z,,2026-08-08T09:31:42.192Z,44,,,Elpaso,,,,,,,,,,,,,,2026-08-09
"2705-Maria-Casas-St,-El-Paso,-TX-79938","2705 Maria Casas St, El Paso, TX 79938",79938,El Paso,31.778396,-106.207305,Single Family,5,3.5,2146,6534,2022,,Active,354950,165.4,2026-06-25T00:00:00.000Z,,2026-08-08T09:31:42.191Z,44,,,Elpaso,,,,,,,,,,,,,,2026-08-09
"13977-Montana-Ave,-El-Paso,-TX-79938","13977 Montana Ave, El Paso, TX 79938",79938,El Paso,31.816582,-106.197551,Land,,,,357192,,,Active,1300000,,2026-06-25T00:00:00.000Z,,2026-08-08T09:31:42.189Z,44,,,Elpaso,,,,,,,,,,,,,,2026-08-09
"12780-Brixton-Ave,-El-Paso,-TX-79928","12780 Brixton Ave, El Paso, TX 79928",79928,El Paso,31.713766,-106.243358,Single Family,4,2.5,2199,6534,2022,,Active,429950,195.52,2026-06-25T00:00:00.000Z,,2026-08-08T09:31:42.188Z,44,,,Elpaso,,,,,,,,,,,,,,2026-08-09
"PN-318636-Alkali-Ln,-El-Paso,-TX-79938","PN-318636 Alkali Ln, El Paso, TX 79938",79938,El Paso,31.840195,-106.098382,Land,,,,37897,,,Active,30000,,2026-06-25T00:00:00.000Z,,2026-08-08T09:31:42.187Z,44,,,Elpaso,,,,,,,,,,,,,,2026-08-09
"14015-Montana-Ave,-El-Paso,-TX-79938","14015 Montana Ave, El Paso, TX 79938",79938,El Paso,31.818029,-106.193622,Land,,,,313196,,,Active,1200000,,2026-06-25T00:00:00.000Z,,2026-08-08T09:31:42.186Z,44,,,Elpaso,,,,,,,,,,,,,,2026-08-09
"12230-Costa-Brava-Pl,-El-Paso,-TX-79938","12230 Costa Brava Pl, El Paso, TX 79938",79938,El Paso,31.768702,-106.264402,Single Family,3,2.5,1538,2178,2011,85,Active,249000,161.9,2026-06-25T00:00:00.000Z,,2026-08-08T09:31:42.185Z,44,,,Elpaso,,,,,,,,,,,,,,2026-08-09
"10905-Dizzy-Dean-Pl,-El-Paso,-TX-79934","10905 Dizzy Dean Pl, El Paso, TX 79934",79934,El Paso,31.929062,-106.418394,Single Family,3,1.5,1318,4792,1986,,Active,183000,138.85,2026-06-25T00:00:00.000Z,,2026-08-08T09:31:42.185Z,44,,,Elpaso,,,,,,,,,,,,,,2026-08-09
"Pellicano-Dr,-El-Paso,-TX-79928","Pellicano Dr, El Paso, TX 79928",79928,El Paso,31.718453,-106.259419,Land,5,3,3635,217800,,,Active,700000,192.57,2026-06-25T00:00:00.000Z,,2026-08-08T09:31:42.184Z,44,,,Elpaso,,,,,,,,,,,,,,2026-08-09
"5608-Rosa-Ave,-El-Paso,-TX-79905","5608 Rosa Ave, El Paso, TX 79905",79905,El Paso,31.775911,-106.422328,Single Family,3,2,1666,6098,1979,,Active,199900,119.99,2026-06-25T00:00:00.000Z,,2026-08-08T09:31:42.183Z,44,,,Elpaso,,,,,,,,,,,,,,2026-08-09
"925-Pettus-Pl,-El-Paso,-TX-79928","925 Pettus Pl, El Paso, TX 79928",79928,El Paso,31.714279,-106.237124,Single Family,4,2,1937,6970,2024,63,Active,368800,190.4,2026-06-25T00:00:00.000Z,,2026-08-08T09:31:42.181Z,44,,,Elpaso,,,,,,,,,,,,,,2026-08-09
"PN-10235-Tunica-Ave,-El-Paso,-TX-79928","PN-10235 Tunica Ave, El Paso, TX 79928",79928,El Paso,31.68641,-106.116765,Land,,,,36155,,,Active,54000,,2026-06-25T00:00:00.000Z,,2026-08-08T09:31:42.180Z,44,,,Elpaso,,,,,,,,,,,,,,2026-08-09
"553-Paseo-De-Ln,-Reina,-El-Paso,-TX-79928","553 Paseo De Ln, Reina, El Paso, TX 79928",79928,El Paso,31.7170121,-106.2006986,Single Family,4,2.5,2048,,,,Active,316180,154.38,2026-06-26T00:00:00.000Z,,2026-08-08T09:31:42.179Z,43,View Homes - El Paso,Paseos Del Este,,,,,,,,,,,,,,,2026-08-09
"11077-Golden-Pond-Dr,-El-Paso,-TX-79934","11077 Golden Pond Dr, El Paso, TX 79934",79934,El Paso,31.932327,-106.404412,Single Family,4,2,1664,5227,1995,,Active,239500,143.93,2026-06-26T00:00:00.000Z,,2026-08-08T09:31:42.177Z,43,,,Elpaso,,,,,,,,,,,,,,2026-08-09
"14695-Pebble-Hills-Blvd,-El-Paso,-TX-79938","14695 Pebble Hills Blvd, El Paso, TX 79938",79938,El Paso,31.784055,-106.208533,Single Family,4,3.5,2205,6098,2021,,Active,384950,174.58,2026-06-26T00:00:00.000Z,,2026-08-08T09:31:42.176Z,43,,,Elpaso,,,,,,,,,,,,,,2026-08-09
"12660-Polo-Norte-Dr,-El-Paso,-TX-79934","12660 Polo Norte Dr, El Paso, TX 79934",79934,El Paso,31.974919,-106.352538,Single Family,4,2.5,1824,5227,2024,,Active,299950,164.45,2026-06-26T00:00:00.000Z,,2026-08-08T09:31:42.174Z,43,,,Elpaso,,,,,,,,,,,,,,2026-08-09
"1802-Kelsey-Davis-Ave,-El-Paso,-TX-79928","1802 Kelsey Davis Ave, El Paso, TX 79928",79928,El Paso,31.746085,-106.247986,Single Family,4,2.5,2142,5663,2027,,Active,348950,162.91,2026-06-26T00:00:00.000Z,,2026-08-08T09:31:42.154Z,43,,,Elpaso,,,,,,,,,,,,,,2026-08-09
"1800-Kelsey-Davis-Ave,-El-Paso,-TX-79928","1800 Kelsey Davis Ave, El Paso, TX 79928",79928,El Paso,31.745136,-106.246643,Single Family,4,2.5,1830,5663,2027,,Active,332950,181.94,2026-06-26T00:00:00.000Z,,2026-08-08T09:31:42.153Z,43,,,Elpaso,,,,,,,,,,,,,,2026-08-09
"12704-Cono-Norte-Dr,-El-Paso,-TX-79934","12704 Cono Norte Dr, El Paso, TX 79934",79934,El Paso,31.975415,-106.355097,Single Family,4,2.5,2088,5227,2026,,Active,313950,150.36,2026-06-26T00:00:00.000Z,,2026-08-08T09:31:42.153Z,43,,,Elpaso,,,,,,,,,,,,,,2026-08-09
"5689-Las-Ramblas-Ave,-El-Paso,-TX-79934","5689 Las Ramblas Ave, El Paso, TX 79934",79934,El Paso,31.956653,-106.412284,Single Family,3,2,1593,5227,2026,29,Active,286450,179.82,2026-06-26T00:00:00.000Z,,2026-08-08T09:31:42.152Z,43,,,Elpaso,,,,,,,,,,,,,,2026-08-09
"12320-Ben-Dowell-Way,-El-Paso,-TX-79934","12320 Ben Dowell Way, El Paso, TX 79934",79934,El Paso,31.964031,-106.350838,Single Family,3,2.5,1428,4792,2026,,Active,285500,199.93,2026-06-26T00:00:00.000Z,,2026-08-08T09:31:42.151Z,43,,,Elpaso,,,,,,,,,,,,,,2026-08-09
"11873-Barrenkale-Pl,-El-Paso,-TX-79934","11873 Barrenkale Pl, El Paso, TX 79934",79934,El Paso,31.955597,-106.413597,Single Family,4,2.5,2436,6098,2026,29,Active,346950,142.43,2026-06-26T00:00:00.000Z,,2026-08-08T09:31:42.150Z,43,,,Elpaso,,,,,,,,,,,,,,2026-08-09
"7333-Black-Sage-Dr,-El-Paso,-TX-79911","7333 Black Sage Dr, El Paso, TX 79911",79911,El Paso,31.883559,-106.563662,Single Family,4,2.5,2677,5227,2013,25,Active,450000,168.1,2026-06-27T00:00:00.000Z,,2026-08-08T09:31:42.149Z,42,,,Elpaso,,,,,,,,,,,,,,2026-08-09
"Gato-Rd,-El-Paso,-TX-79932","Gato Rd, El Paso, TX 79932",79932,El Paso,31.910979,-106.626997,Land,,,,435600,,,Active,850000,,2026-06-26T00:00:00.000Z,,2026-08-08T09:31:42.148Z,43,,,Elpaso,,,,,,,,,,,,,,2026-08-09
"408-Sycamore-Way,-El-Paso,-TX-79915","408 Sycamore Way, El Paso, TX 79915",79915,El Paso,31.752992,-106.379847,Single Family,3,1,1092,4356,1956,,Active,159999,146.52,2026-06-27T00:00:00.000Z,,2026-08-08T09:31:42.148Z,42,,,Elpaso,,,,,,,,,,,,,,2026-08-09
"5685-Las-Ramblas-Ave,-El-Paso,-TX-79934","5685 Las Ramblas Ave, El Paso, TX 79934",79934,El Paso,31.956653,-106.412284,Single Family,3,2,1723,5227,2026,29,Active,293450,170.31,2026-06-26T00:00:00.000Z,,2026-08-08T09:31:42.147Z,43,,,Elpaso,,,,,,,,,,,,,,2026-08-09
"1805-Preakness-Ave,-El-Paso,-TX-79928","1805 Preakness Ave, El Paso, TX 79928",79928,El Paso,31.746537,-106.248507,Single Family,4,2.5,1998,5663,2027,,Active,341950,171.15,2026-06-26T00:00:00.000Z,,2026-08-08T09:31:42.147Z,43,,,Elpaso,,,,,,,,,,,,,,2026-08-09
"809-Desert-Moon-Dr,-El-Paso,-TX-79928","809 Desert Moon Dr, El Paso, TX 79928",79928,El Paso,31.71083,-106.197662,Single Family,3,2.5,1407,6970,2010,,Active,245000,174.13,2026-06-26T00:00:00.000Z,,2026-08-08T09:31:42.146Z,43,,,Elpaso,,,,,,,,,,,,,,2026-08-09
"3712-San-Mateo-Ln,-El-Paso,-TX-79902","3712 San Mateo Ln, El Paso, TX 79902",79902,El Paso,31.790394,-106.496804,Single Family,4,1.5,2369,10019,1954,,Active,598000,252.43,2026-06-26T00:00:00.000Z,,2026-08-08T09:31:42.145Z,43,,,Elpaso,,,,,,,,,,,,,,2026-08-09
"10548-Clearwater-St,-El-Paso,-TX-79924","10548 Clearwater St, El Paso, TX 79924",79924,El Paso,31.920225,-106.409846,Single Family,3,2,1194,6098,1968,,Active,190500,159.55,2026-06-27T00:00:00.000Z,,2026-08-08T09:31:42.145Z,42,,,Elpaso,,,,,,,,,,,,,,2026-08-09
"1801-Preakness-Ave,-El-Paso,-TX-79928","1801 Preakness Ave, El Paso, TX 79928",79928,El Paso,31.745498,-106.247367,Single Family,4,2.5,2142,5663,2027,,Active,354950,165.71,2026-06-26T00:00:00.000Z,,2026-08-08T09:31:42.144Z,43,,,Elpaso,,,,,,,,,,,,,,2026-08-09
"12681-Cono-Norte-Dr,-El-Paso,-TX-79934","12681 Cono Norte Dr, El Paso, TX 79934",79934,El Paso,31.975156,-106.355092,Single Family,3,3,1685,4792,2026,,Active,292950,173.86,2026-06-26T00:00:00.000Z,,2026-08-08T09:31:42.143Z,43,,,Elpaso,,,,,,,,,,,,,,2026-08-09
"1849-War-Path-Dr,-El-Paso,-TX-79911","1849 War Path Dr, El Paso, TX 79911",79911,El Paso,31.896771,-106.56345,Single Family,5,4,2751,9583,2026,21,Active,772950,280.97,2026-06-27T00:00:00.000Z,,2026-08-08T09:31:42.142Z,42,,,Elpaso,,,,,,,,,,,,,,2026-08-09
"5677-Las-Ramblas-Ave,-El-Paso,-TX-79934","5677 Las Ramblas Ave, El Paso, TX 79934",79934,El Paso,31.956653,-106.412284,Single Family,4,2.5,1788,5227,2027,29,Active,298450,166.92,2026-06-26T00:00:00.000Z,,2026-08-08T09:31:42.141Z,43,,,Elpaso,,,,,,,,,,,,,,2026-08-09
"11118-Ground-Cherry-St,-El-Paso,-TX-79934","11118 Ground Cherry St, El Paso, TX 79934",79934,El Paso,31.9506813,-106.4102574,Single Family,4,,2351,,,,Active,349900,148.83,2026-06-27T00:00:00.000Z,,2026-08-08T09:31:42.141Z,42,View Homes - El Paso,Campo Del Sol,,,,,,,,,,,,,,,2026-08-09
"938-Yeldon-Pl,-El-Paso,-TX-79928","938 Yeldon Pl, El Paso, TX 79928",79928,El Paso,31.716411,-106.242268,Single Family,3,2,1550,5227,2021,,Active,265000,170.97,2026-06-27T00:00:00.000Z,,2026-08-08T09:31:42.140Z,42,,,Elpaso,,,,,,,,,,,,,,2026-08-09
"11813-Deer-Grass-Cir,-El-Paso,-TX-79936","11813 Deer Grass Cir, El Paso, TX 79936",79936,El Paso,31.802519,-106.281126,Single Family,3,2,1508,4356,2003,25,Active,233000,154.51,2026-06-26T00:00:00.000Z,,2026-08-08T09:31:42.139Z,43,,,Elpaso,,,,,,,,,,,,,,2026-08-09
"10068-Quebec-St,-El-Paso,-TX-79924","10068 Quebec St, El Paso, TX 79924",79924,El Paso,31.902921,-106.40865,Single Family,3,1,1258,6098,1958,,Active,189000,150.24,2026-06-26T00:00:00.000Z,,2026-08-08T09:31:42.139Z,43,,,Elpaso,,,,,,,,,,,,,,2026-08-09
"7910-Gateway-E,-El-Paso,-TX-79915","7910 Gateway E, El Paso, TX 79915",79915,El Paso,31.7537126,-106.3492304,Single Family,4,,2487,,,,Active,468900,188.54,2026-06-27T00:00:00.000Z,,2026-08-08T09:31:42.138Z,42,View Homes - El Paso,The View at Desert Springs | Thoughtful Collection,,,,,,,,,,,,,,,2026-08-09
"2228-Mike-Price-Dr,-El-Paso,-TX-79938","2228 Mike Price Dr, El Paso, TX 79938",79938,El Paso,31.771203,-106.207651,Single Family,4,2.5,2405,6970,2026,,Active,447950,186.26,2026-06-26T00:00:00.000Z,,2026-08-08T09:31:42.137Z,43,,,Elpaso,,,,,,,,,,,,,,2026-08-09
"12360-Ben-Dowell-Way,-El-Paso,-TX-79934","12360 Ben Dowell Way, El Paso, TX 79934",79934,El Paso,31.964975,-106.349792,Single Family,3,2,1400,436,2025,,Active,265000,189.29,2026-06-27T00:00:00.000Z,,2026-08-08T09:31:42.136Z,42,,,Elpaso,,,,,,,,,,,,,,2026-08-09
"10329-Wilshire-Dr,-El-Paso,-TX-79924","10329 Wilshire Dr, El Paso, TX 79924",79924,El Paso,31.912067,-106.414649,Single Family,3,1,1080,6098,1959,,Active,185000,171.3,2026-06-28T00:00:00.000Z,,2026-08-08T09:31:42.136Z,41,,,Elpaso,,,,,,,,,,,,,,2026-08-09
"12253-Desert-Cliff-Ct,-El-Paso,-TX-79938","12253 Desert Cliff Ct, El Paso, TX 79938",79938,El Paso,31.819666,-106.261146,Single Family,4,2.5,2073,5227,2022,,Active,302000,145.68,2026-06-30T00:00:00.000Z,,2026-08-08T09:31:42.135Z,39,,,Elpaso,,,,,,,,,,,,,,2026-08-09
"212-Montego-Bay-Dr,-El-Paso,-TX-79912","212 Montego Bay Dr, El Paso, TX 79912",79912,El Paso,31.832924,-106.550383,Townhouse,3,2.5,1416,8712,1972,310,Active,239000,168.79,2026-06-27T00:00:00.000Z,,2026-08-08T09:31:42.134Z,42,,,Elpaso,,,,,,,,,,,,,,2026-08-09
"1420-Black-Ridge-Dr,-El-Paso,-TX-79912","1420 Black Ridge Dr, El Paso, TX 79912",79912,El Paso,31.876362,-106.549581,Single Family,3,2,1504,6098,1996,,Active,279500,185.84,2026-06-27T00:00:00.000Z,,2026-08-08T09:31:42.133Z,42,,,Elpaso,,,,,,,,,,,,,,2026-08-09
"629-Cedarwood-Dr,-El-Paso,-TX-79928","629 Cedarwood Dr, El Paso, TX 79928",79928,El Paso,31.703118,-106.209299,Single Family,3,1,1477,5227,2022,,Active,277888,188.14,2026-06-28T00:00:00.000Z,,2026-08-08T09:31:42.132Z,41,,,Elpaso,,,,,,,,,,,,,,2026-08-09
"3612-Tierra-Calida-Dr,-El-Paso,-TX-79938","3612 Tierra Calida Dr, El Paso, TX 79938",79938,El Paso,31.794879,-106.236778,Single Family,3,2.5,2352,5663,2006,,Active,355000,150.94,2026-06-28T00:00:00.000Z,,2026-08-08T09:31:42.131Z,41,,,Elpaso,,,,,,,,,,,,,,2026-08-09
"3081-Tierra-Humeda-Dr,-El-Paso,-TX-79938","3081 Tierra Humeda Dr, El Paso, TX 79938",79938,El Paso,31.786917,-106.262851,Single Family,3,2.5,2102,5663,2002,,Active,269500,128.21,2026-06-28T00:00:00.000Z,,2026-08-08T09:31:42.130Z,41,,,Elpaso,,,,,,,,,,,,,,2026-08-09
"133-Lake-Mead-Ct,-El-Paso,-TX-79928","133 Lake Mead Ct, El Paso, TX 79928",79928,El Paso,31.68124,-106.111462,Single Family,3,2,2048,15682,2018,,Active,264000,128.91,2026-06-29T00:00:00.000Z,,2026-08-08T09:31:42.130Z,40,,,Elpaso,,,,,,,,,,,,,,2026-08-09
"3520-Essence-St,-El-Paso,-TX-79938","3520 Essence St, El Paso, TX 79938",79938,El Paso,31.798978,-106.192778,Single Family,4,2,1673,6098,2022,,Active,284900,170.29,2026-06-30T00:00:00.000Z,,2026-08-08T09:31:42.129Z,39,,,Elpaso,,,,,,,,,,,,,,2026-08-09
"3824-Surmise-St,-El-Paso,-TX-79938","3824 Surmise St, El Paso, TX 79938",79938,El Paso,31.804588,-106.199088,Single Family,4,2.5,1877,6098,2026,,Active,348950,185.91,2026-06-27T00:00:00.000Z,,2026-08-08T09:31:42.128Z,42,,,Elpaso,,,,,,,,,,,,,,2026-08-09
"1863-Kentucky-St,-El-Paso,-TX-79930","1863 Kentucky St, El Paso, TX 79930",79930,El Paso,31.793052,-106.467778,Single Family,2,2,2016,4792,1913,,Active,220000,109.13,2026-06-29T00:00:00.000Z,,2026-08-08T09:31:42.127Z,40,,,Elpaso,,,,,,,,,,,,,,2026-08-09
"3421-Tyler-Ave,-El-Paso,-TX-79930","3421 Tyler Ave, El Paso, TX 79930",79930,El Paso,31.815049,-106.452855,Single Family,3,1,1560,9148,1946,,Active,189000,121.15,2026-06-30T00:00:00.000Z,,2026-08-08T09:31:42.126Z,39,,,Elpaso,,,,,,,,,,,,,,2026-08-09
"12508-Tierra-Nogal-Dr,-El-Paso,-TX-79938","12508 Tierra Nogal Dr, El Paso, TX 79938",79938,El Paso,31.783971,-106.25421,Single Family,4,3.5,3041,10454,2004,,Active,469950,154.54,2026-06-29T00:00:00.000Z,,2026-08-08T09:31:42.124Z,40,,,Elpaso,,,,,,,,,,,,,,2026-08-09
"145-Loyola-Mnr,-El-Paso,-TX-79928","145 Loyola Mnr, El Paso, TX 79928",79928,El Paso,31.680901,-106.235551,Land,,,,7710,,,Active,37999,,2026-06-29T00:00:00.000Z,,2026-08-08T09:31:42.123Z,40,,,NTREIS,,,,,,,,,,,,,,2026-08-09
"5324-Capistrano-Dr,-El-Paso,-TX-79924","5324 Capistrano Dr, El Paso, TX 79924",79924,El Paso,31.911143,-106.418307,Single Family,3,1,1587,6970,1959,,Active,209950,132.29,2026-06-29T00:00:00.000Z,,2026-08-08T09:31:42.122Z,40,,,Elpaso,,,,,,,,,,,,,,2026-08-09
"233-Maricopa-Dr,-Unit-233,-El-Paso,-TX-79912","233 Maricopa Dr, Unit 233, El Paso, TX 79912",79912,El Paso,31.832334,-106.548635,Townhouse,3,2,1488,1742,1972,312,Active,240000,161.29,2026-06-30T00:00:00.000Z,,2026-08-08T09:31:42.121Z,39,,,Elpaso,,,,,,,,,,,,,,2026-08-09
"15144-Expectation-Ave,-El-Paso,-TX-79938","15144 Expectation Ave, El Paso, TX 79938",79938,El Paso,31.81076,-106.194284,Single Family,3,2,1723,5663,2027,,Active,284950,165.38,2026-06-30T00:00:00.000Z,,2026-08-08T09:31:42.121Z,39,,,Elpaso,,,,,,,,,,,,,,2026-08-09
"11760-John-Polley-Cir,-El-Paso,-TX-79936","11760 John Polley Cir, El Paso, TX 79936",79936,El Paso,31.746207,-106.293108,Single Family,4,2,1577,5663,1986,,Active,145900,92.52,2026-06-29T00:00:00.000Z,,2026-08-08T09:31:42.120Z,40,,,Elpaso,,,,,,,,,,,,,,2026-08-09
"3030-Trawood-Dr,-El-Paso,-TX-79936","3030 Trawood Dr, El Paso, TX 79936",79936,El Paso,31.764988,-106.299368,Land,,,,11326,,,Active,250000,,2026-06-29T00:00:00.000Z,,2026-08-08T09:31:42.119Z,40,,,Elpaso,,,,,,,,,,,,,,2026-08-09
"12608-Blue-Heron-Dr,-El-Paso,-TX-79928","12608 Blue Heron Dr, El Paso, TX 79928",79928,El Paso,31.738335,-106.25377,Single Family,4,3,3123,5663,2019,,Active,424000,135.77,2026-07-01T00:00:00.000Z,,2026-08-08T09:31:42.119Z,38,,,Elpaso,,,,,,,,,,,,,,2026-08-09
"15132-Expectation-Ave,-El-Paso,-TX-79938","15132 Expectation Ave, El Paso, TX 79938",79938,El Paso,31.810751,-106.194412,Single Family,4,2,1841,5663,2027,,Active,298950,162.38,2026-06-30T00:00:00.000Z,,2026-08-08T09:31:42.118Z,39,,,Elpaso,,,,,,,,,,,,,,2026-08-09
"15128-Expectation-Ave,-El-Paso,-TX-79938","15128 Expectation Ave, El Paso, TX 79938",79938,El Paso,31.810751,-106.195303,Single Family,3,2,1593,5663,2026,,Active,267950,168.2,2026-06-30T00:00:00.000Z,,2026-08-08T09:31:42.118Z,39,,,Elpaso,,,,,,,,,,,,,,2026-08-09
"3130-Red-Velvet-Pl,-El-Paso,-TX-79938","3130 Red Velvet Pl, El Paso, TX 79938",79938,El Paso,31.772066,-106.234994,Single Family,4,3,2906,6534,2015,,Active,450000,154.85,2026-06-28T00:00:00.000Z,,2026-08-08T09:31:42.117Z,41,,,Elpaso,,,,,,,,,,,,,,2026-08-09
"236-Three-Rivers-Dr,-El-Paso,-TX-79912","236 Three Rivers Dr, El Paso, TX 79912",79912,El Paso,31.840397,-106.551937,Single Family,3,1.5,1372,6543,1972,,Active,269900,196.72,2026-06-29T00:00:00.000Z,,2026-08-08T09:31:42.116Z,40,,,NTREIS,,,,,,,,,,,,,,2026-08-09
"2168-Septiembre-Dr,-El-Paso,-TX-79935","2168 Septiembre Dr, El Paso, TX 79935",79935,El Paso,31.773914,-106.327395,Single Family,3,1,1240,7841,1972,,Active,194950,157.22,2026-06-29T00:00:00.000Z,,2026-08-08T09:31:42.115Z,40,,,Elpaso,,,,,,,,,,,,,,2026-08-09
"15141-Endurance-Ave,-El-Paso,-TX-79938","15141 Endurance Ave, El Paso, TX 79938",79938,El Paso,31.810142,-106.194372,Single Family,4,2,1841,5663,2027,,Active,298950,162.38,2026-06-30T00:00:00.000Z,,2026-08-08T09:31:42.115Z,39,,,Elpaso,,,,,,,,,,,,,,2026-08-09
"3800-Loma-Jacinto-Dr,-El-Paso,-TX-79938","3800 Loma Jacinto Dr, El Paso, TX 79938",79938,El Paso,31.802296,-106.21832,Single Family,3,2.5,1861,5227,2015,,Active,265000,142.4,2026-06-29T00:00:00.000Z,,2026-08-08T09:31:42.114Z,40,,,Elpaso,,,,,,,,,,,,,,2026-08-09
"830-Mision-De-Salta-Ave,-El-Paso,-TX-79932","830 Mision De Salta Ave, El Paso, TX 79932",79932,El Paso,31.782148,-106.431717,Single Family,3,2.5,1901,5663,2026,10,Active,430500,226.46,2026-07-01T00:00:00.000Z,,2026-08-08T09:31:42.114Z,38,,,Elpaso,,,,,,,,,,,,,,2026-08-09
"15129-Endurance-Ave,-El-Paso,-TX-79938","15129 Endurance Ave, El Paso, TX 79938",79938,El Paso,31.810152,-106.19464,Single Family,3,2,1388,5663,2027,,Active,259950,187.28,2026-06-30T00:00:00.000Z,,2026-08-08T09:31:42.113Z,39,,,Elpaso,,,,,,,,,,,,,,2026-08-09
"15152-Expectation-Ave,-El-Paso,-TX-79938","15152 Expectation Ave, El Paso, TX 79938",79938,El Paso,31.810751,-106.194198,Single Family,4,2.5,1788,5663,2027,,Active,291950,163.28,2026-06-30T00:00:00.000Z,,2026-08-08T09:31:42.112Z,39,,,Elpaso,,,,,,,,,,,,,,2026-08-09
"14209-Rattler-Point-Dr,-El-Paso,-TX-79938","14209 Rattler Point Dr, El Paso, TX 79938",79938,El Paso,31.77625,-106.231346,Single Family,3,2,1684,5663,2011,,Active,265000,157.36,2026-07-02T00:00:00.000Z,,2026-08-08T09:31:42.111Z,37,,,Elpaso,,,,,,,,,,,,,,2026-08-09
"2208-Tierra-Delmonte-Dr,-El-Paso,-TX-79938","2208 Tierra Delmonte Dr, El Paso, TX 79938",79938,El Paso,31.770281,-106.199776,Single Family,3,2,1395,5663,2021,,Active,248000,177.78,2026-07-02T00:00:00.000Z,,2026-08-08T09:31:42.111Z,37,,,Elpaso,,,,,,,,,,,,,,2026-08-09
"2421-Tony-Harper-St,-El-Paso,-TX-79938","2421 Tony Harper St, El Paso, TX 79938",79938,El Paso,31.773937,-106.207248,Single Family,4,3,1802,7405,2026,,Active,339950,188.65,2026-06-29T00:00:00.000Z,,2026-08-08T09:31:42.110Z,40,,,Elpaso,,,,,,,,,,,,,,2026-08-09
"2929-Doug-Ford-Dr,-El-Paso,-TX-79935","2929 Doug Ford Dr, El Paso, TX 79935",79935,El Paso,31.78183,-106.326078,Single Family,3,1,1546,7405,1975,,Active,255000,164.94,2026-07-01T00:00:00.000Z,,2026-08-08T09:31:42.110Z,38,,,Elpaso,,,,,,,,,,,,,,2026-08-09
"14406-Patriot-Point-Dr,-El-Paso,-TX-79938","14406 Patriot Point Dr, El Paso, TX 79938",79938,El Paso,31.794411,-106.218975,Single Family,4,2,1654,4792,2011,,Active,235000,142.08,2026-07-01T00:00:00.000Z,,2026-08-08T09:31:42.109Z,38,,,Elpaso,,,,,,,,,,,,,,2026-08-09
"209-Reigate-Dr,-El-Paso,-TX-79928","209 Reigate Dr, El Paso, TX 79928",79928,El Paso,31.683891,-106.242995,Single Family,4,2.5,2171,4792,2020,,Active,309900,142.75,2026-07-02T00:00:00.000Z,,2026-08-08T09:31:42.109Z,37,,,Elpaso,,,,,,,,,,,,,,2026-08-09
"15125-Endurance-Ave,-El-Paso,-TX-79938","15125 Endurance Ave, El Paso, TX 79938",79938,El Paso,31.810152,-106.194984,Single Family,4,2.5,2142,5663,2027,,Active,318950,148.9,2026-06-30T00:00:00.000Z,,2026-08-08T09:31:42.108Z,39,,,Elpaso,,,,,,,,,,,,,,2026-08-09
"15137-Endurance-Ave,-El-Paso,-TX-79938","15137 Endurance Ave, El Paso, TX 79938",79938,El Paso,31.810133,-106.194672,Single Family,4,2,1752,5663,2027,,Active,286950,163.78,2026-06-30T00:00:00.000Z,,2026-08-08T09:31:42.108Z,39,,,Elpaso,,,,,,,,,,,,,,2026-08-09
"8924-El-Dorado-Dr,-El-Paso,-TX-79925","8924 El Dorado Dr, El Paso, TX 79925",79925,El Paso,31.786238,-106.367066,Single Family,4,2.5,2847,10019,1966,,Active,449500,157.89,2026-06-29T00:00:00.000Z,,2026-08-08T09:31:42.107Z,40,,,Elpaso,,,,,,,,,,,,,,2026-08-09
"15133-Endurance-Ave,-El-Paso,-TX-79938","15133 Endurance Ave, El Paso, TX 79938",79938,El Paso,31.810124,-106.195026,Single Family,3,2,1593,5663,2026,,Active,267950,168.2,2026-06-30T00:00:00.000Z,,2026-08-08T09:31:42.107Z,39,,,Elpaso,,,,,,,,,,,,,,2026-08-09
"15145-Endurance-Ave,-El-Paso,-TX-79938","15145 Endurance Ave, El Paso, TX 79938",79938,El Paso,31.810124,-106.194265,Single Family,4,2.5,2142,5663,2027,,Active,321950,150.3,2026-06-30T00:00:00.000Z,,2026-08-08T09:31:42.106Z,39,,,Elpaso,,,,,,,,,,,,,,2026-08-09
"14589-Friesian-Trl,-El-Paso,-TX-79938","14589 Friesian Trl, El Paso, TX 79938",79938,El Paso,31.797355,-106.213105,Single Family,3,2.5,1708,4356,2014,,Active,249900,146.31,2026-07-01T00:00:00.000Z,,2026-08-08T09:31:42.106Z,38,,,Elpaso,,,,,,,,,,,,,,2026-08-09
"15136-Expectation-Ave,-El-Paso,-TX-79938","15136 Expectation Ave, El Paso, TX 79938",79938,El Paso,31.810714,-106.194466,Single Family,4,2.5,2210,5663,2027,,Active,320950,145.23,2026-06-30T00:00:00.000Z,,2026-08-08T09:31:42.105Z,39,,,Elpaso,,,,,,,,,,,,,,2026-08-09
"7612-Dawnlight-Ln,-El-Paso,-TX-79911","7612 Dawnlight Ln, El Paso, TX 79911",79911,El Paso,31.911744,-106.572874,Single Family,3,2.5,1601,5227,2014,9,Active,329900,206.06,2026-06-30T00:00:00.000Z,,2026-08-08T09:31:42.105Z,39,,,Elpaso,,,,,,,,,,,,,,2026-08-09
"12605-Azulejos-St,-El-Paso,-TX-79928","12605 Azulejos St, El Paso, TX 79928",79928,El Paso,31.728121,-106.253437,Single Family,3,2,2031,5663,2014,,Active,289000,142.29,2026-07-02T00:00:00.000Z,,2026-08-08T09:31:42.104Z,37,,,Elpaso,,,,,,,,,,,,,,2026-08-09
"836-Mision-De-Salta-Ave,-El-Paso,-TX-79932","836 Mision De Salta Ave, El Paso, TX 79932",79932,El Paso,31.864646,-106.606681,Single Family,4,2.5,1622,4792,2026,10,Active,374500,230.89,2026-07-01T00:00:00.000Z,,2026-08-08T09:31:42.103Z,38,,,Elpaso,,,,,,,,,,,,,,2026-08-09
"7273-Alameda-Ave,-El-Paso,-TX-79915","7273 Alameda Ave, El Paso, TX 79915",79915,El Paso,31.746931,-106.382854,Land,,,,39640,,,Active,650000,,2026-07-02T00:00:00.000Z,,2026-08-08T09:31:42.103Z,37,,,Elpaso,,,,,,,,,,,,,,2026-08-09
"15140-Expectation-Ave,-El-Paso,-TX-79938","15140 Expectation Ave, El Paso, TX 79938",79938,El Paso,31.810751,-106.19438,Single Family,4,2.5,2142,5663,2027,,Active,318950,148.9,2026-06-30T00:00:00.000Z,,2026-08-08T09:31:42.102Z,39,,,Elpaso,,,,,,,,,,,,,,2026-08-09
"14963-Pebble-Hills-Blvd,-El-Paso,-TX-79938","14963 Pebble Hills Blvd, El Paso, TX 79938",79938,El Paso,31.784041,-106.200033,Single Family,3,2.5,2032,4356,2022,,Active,295000,145.18,2026-07-01T00:00:00.000Z,,2026-08-08T09:31:42.101Z,38,,,Elpaso,,,,,,,,,,,,,,2026-08-09
"8105-Morley-Dr,-El-Paso,-TX-79925","8105 Morley Dr, El Paso, TX 79925",79925,El Paso,31.781349,-106.38092,Single Family,4,2,2102,7841,1965,,Active,284900,135.54,2026-07-01T00:00:00.000Z,,2026-08-08T09:31:42.101Z,38,,,Elpaso,,,,,,,,,,,,,,2026-08-09
"5425-Rockwood-Rd,-El-Paso,-TX-79932","5425 Rockwood Rd, El Paso, TX 79932",79932,El Paso,31.856279,-106.603657,Single Family,4,2,2361,15682,1962,,Active,469500,198.86,2026-07-02T00:00:00.000Z,,2026-08-08T09:31:42.100Z,37,,,Elpaso,,,,,,,,,,,,,,2026-08-09
"11295-Enid-Wilson-Ln,-El-Paso,-TX-79936","11295 Enid Wilson Ln, El Paso, TX 79936",79936,El Paso,31.758212,-106.308714,Single Family,5,3.5,3989,19166,1979,,Active,550000,137.88,2026-07-01T00:00:00.000Z,,2026-08-08T09:31:42.096Z,38,,,Elpaso,,,,,,,,,,,,,,2026-08-09
"13305-Emerald-Wind-Ct,-El-Paso,-TX-79928","13305 Emerald Wind Ct, El Paso, TX 79928",79928,El Paso,31.684877,-106.227533,Single Family,4,2,1863,6970,2026,,Active,336990,180.89,2026-07-02T00:00:00.000Z,,2026-08-08T09:31:42.096Z,37,,,Elpaso,,,,,,,,,,,,,,2026-08-09
"13309-Emerald-Wind-Ct,-El-Paso,-TX-79928","13309 Emerald Wind Ct, El Paso, TX 79928",79928,El Paso,31.684847,-106.227347,Single Family,4,2,1863,6534,2026,,Active,339990,182.5,2026-07-02T00:00:00.000Z,,2026-08-08T09:29:29.003Z,37,,,Elpaso,,,,,,,,,,,,,,2026-08-09
"12482-Pleasant-Crest-Ave,-El-Paso,-TX-79928","12482 Pleasant Crest Ave, El Paso, TX 79928",79928,El Paso,31.71019,-106.251796,Single Family,4,2.5,2390,6534,2020,,Active,395000,165.27,2026-07-02T00:00:00.000Z,,2026-08-08T09:29:29.001Z,37,,,Elpaso,,,,,,,,,,,,,,2026-08-09
"12498-Paseo-Azul-Dr,-El-Paso,-TX-79928","12498 Paseo Azul Dr, El Paso, TX 79928",79928,El Paso,31.73423,-106.259011,Single Family,3,2.5,2149,5227,2024,,Active,326300,151.84,2026-07-02T00:00:00.000Z,,2026-08-08T09:29:29.000Z,37,,,Elpaso,,,,,,,,,,,,,,2026-08-09
"12063-Michelangelo-Dr,-El-Paso,-TX-79936","12063 Michelangelo Dr, El Paso, TX 79936",79936,El Paso,31.737161,-106.280969,Single Family,4,2.5,2104,5663,1994,,Active,325000,154.47,2026-07-02T00:00:00.000Z,,2026-08-08T09:29:28.999Z,37,,,Elpaso,,,,,,,,,,,,,,2026-08-09
"6444-Calle-Placido-Dr,-El-Paso,-TX-79912","6444 Calle Placido Dr, El Paso, TX 79912",79912,El Paso,31.866116,-106.532731,Single Family,5,2,3296,8276,2000,20,Active,668000,202.67,2026-07-02T00:00:00.000Z,,2026-08-08T09:29:28.998Z,37,,,Elpaso,,,,,,,,,,,,,,2026-08-09
"6516-Wind-Ridge-Dr,-El-Paso,-TX-79912","6516 Wind Ridge Dr, El Paso, TX 79912",79912,El Paso,31.869621,-106.536729,Single Family,6,4,3167,9148,2005,,Active,556663,175.77,2026-07-02T00:00:00.000Z,,2026-08-08T09:29:28.997Z,37,,,Elpaso,,,,,,,,,,,,,,2026-08-09
"120-Pendale-Rd,-El-Paso,-TX-79907","120 Pendale Rd, El Paso, TX 79907",79907,El Paso,31.697344,-106.332909,Single Family,3,1,1654,5227,1983,,Active,170000,102.78,2026-07-02T00:00:00.000Z,,2026-08-08T09:29:28.982Z,37,,,Elpaso,,,,,,,,,,,,,,2026-08-09
"14668-Oldenberg-Ct,-El-Paso,-TX-79938","14668 Oldenberg Ct, El Paso, TX 79938",79938,El Paso,31.795864,-106.210307,Single Family,4,2.5,2292,8712,2014,,Active,308000,134.38,2026-07-02T00:00:00.000Z,,2026-08-08T09:29:28.981Z,37,,,Elpaso,,,,,,,,,,,,,,2026-08-09
"5028-Royal-Dr,-El-Paso,-TX-79924","5028 Royal Dr, El Paso, TX 79924",79924,El Paso,31.908841,-106.425464,Single Family,3,1,1110,436,1961,,Active,160000,144.14,2026-07-02T00:00:00.000Z,,2026-08-08T09:29:28.978Z,37,,,Elpaso,,,,,,,,,,,,,,2026-08-09
"14256-Song-Point-Ct,-El-Paso,-TX-79938","14256 Song Point Ct, El Paso, TX 79938",79938,El Paso,31.77292,-106.227575,Single Family,4,2.5,2053,5227,2012,,Active,297000,144.67,2026-07-02T00:00:00.000Z,,2026-08-08T09:29:28.977Z,37,,,Elpaso,,,,,,,,,,,,,,2026-08-09
"11379-Quintana-Dr,-El-Paso,-TX-79936","11379 Quintana Dr, El Paso, TX 79936",79936,El Paso,31.786582,-106.303458,Single Family,3,2.5,2001,7841,1979,,Active,240000,119.94,2026-07-03T00:00:00.000Z,,2026-08-08T09:29:28.975Z,36,,,Elpaso,,,,,,,,,,,,,,2026-08-09
"1811-Ritzy-Lou-Pl,-El-Paso,-TX-79928","1811 Ritzy Lou Pl, El Paso, TX 79928",79928,El Paso,31.750299,-106.25725,Single Family,3,2,2060,6534,2023,,Active,324950,157.74,2026-07-03T00:00:00.000Z,,2026-08-08T09:29:28.974Z,36,,,Elpaso,,,,,,,,,,,,,,2026-08-09
"1453-Dominic-Anakin-Dr,-El-Paso,-TX-79928","1453 Dominic Anakin Dr, El Paso, TX 79928",79928,El Paso,31.735393,-106.251063,Single Family,4,1,2627,4792,2020,,Active,339900,129.39,2026-07-03T00:00:00.000Z,,2026-08-08T09:29:28.973Z,36,,,Elpaso,,,,,,,,,,,,,,2026-08-09
"2520-San-Jose-Ave,-Apt-2D,-El-Paso,-TX-79930","2520 San Jose Ave, Apt 2D, El Paso, TX 79930",79930,El Paso,31.786401,-106.466456,Condo,2,1.5,886,57064,1980,170,Active,105000,118.51,2026-07-03T00:00:00.000Z,,2026-08-08T09:29:28.972Z,36,,,Elpaso,,,,,,,,,,,,,,2026-08-09
"13804-Sky-Harbor-Ave,-El-Paso,-TX-79928","13804 Sky Harbor Ave, El Paso, TX 79928",79928,El Paso,31.716502,-106.206644,Single Family,4,3,1601,5227,2022,,Active,275000,171.77,2026-07-03T00:00:00.000Z,,2026-08-08T09:29:28.971Z,36,,,Elpaso,,,,,,,,,,,,,,2026-08-09
"6407-Cadence-River-Dr,-El-Paso,-TX-79932","6407 Cadence River Dr, El Paso, TX 79932",79932,El Paso,31.887355,-106.601816,Single Family,4,1.5,3824,22216,2026,,Active,1275000,333.42,2026-07-03T00:00:00.000Z,,2026-08-08T09:29:28.971Z,36,,,Elpaso,,,,,,,,,,,,,,2026-08-09
"13062-Grantham-Ln,-El-Paso,-TX-79928","13062 Grantham Ln, El Paso, TX 79928",79928,El Paso,31.68726,-106.239148,Single Family,4,2.5,2185,4792,2022,,Active,329950,151.01,2026-07-03T00:00:00.000Z,,2026-08-08T09:29:28.970Z,36,,,Elpaso,,,,,,,,,,,,,,2026-08-09
"6491-Calle-Del-Sol-Dr,-El-Paso,-TX-79912","6491 Calle Del Sol Dr, El Paso, TX 79912",79912,El Paso,31.862139,-106.533045,Single Family,4,1.5,3677,11326,2002,38,Active,740000,201.25,2026-07-03T00:00:00.000Z,,2026-08-08T09:29:28.969Z,36,,,Elpaso,,,,,,,,,,,,,,2026-08-09
"8321-Cielo-Vista-Dr,-El-Paso,-TX-79925","8321 Cielo Vista Dr, El Paso, TX 79925",79925,El Paso,31.788676,-106.376942,Single Family,3,2,2110,8276,1965,,Active,295000,139.81,2026-07-03T00:00:00.000Z,,2026-08-08T09:29:28.968Z,36,,,Elpaso,,,,,,,,,,,,,,2026-08-09
"7113-Mesquite-Tree-Ln,-El-Paso,-TX-79934","7113 Mesquite Tree Ln, El Paso, TX 79934",79934,El Paso,31.956203,-106.370435,Single Family,3,2.5,1595,6970,2011,,Active,264900,166.08,2026-07-04T00:00:00.000Z,,2026-08-08T09:29:28.967Z,35,,,Elpaso,,,,,,,,,,,,,,2026-08-09
"1177-Night-Sky-St,-El-Paso,-TX-79928","1177 Night Sky St, El Paso, TX 79928",79928,El Paso,31.717906,-106.203707,Single Family,4,2,1687,5227,2023,,Active,265000,157.08,2026-07-04T00:00:00.000Z,,2026-08-08T09:29:28.966Z,35,,,Elpaso,,,,,,,,,,,,,,2026-08-09
"3114-Federal-Ave,-El-Paso,-TX-79930","3114 Federal Ave, El Paso, TX 79930",79930,El Paso,31.791002,-106.457576,Single Family,4,3,2308,6098,1924,,Active,434900,188.43,2026-07-04T00:00:00.000Z,,2026-08-08T09:29:28.965Z,35,,,Elpaso,,,,,,,,,,,,,,2026-08-09
"10725-Saigon-Dr,-El-Paso,-TX-79925","10725 Saigon Dr, El Paso, TX 79925",79925,El Paso,31.788184,-106.340112,Single Family,3,2,1244,6098,1967,,Active,220000,176.85,2026-07-04T00:00:00.000Z,,2026-08-08T09:29:28.964Z,35,,,Elpaso,,,,,,,,,,,,,,2026-08-09
"6086-Via,-De-Los-Arboles,-El-Paso,-TX-79932","6086 Via, De Los Arboles, El Paso, TX 79932",79932,El Paso,31.87408,-106.614762,Single Family,5,4.5,4508,12632,2005,100,Active,950000,210.74,2026-07-04T00:00:00.000Z,,2026-08-08T09:29:28.961Z,35,,,Elpaso,,,,,,,,,,,,,,2026-08-09
"2701-Red-Sails-Dr,-Unit-Ad,-El-Paso,-TX-79936","2701 Red Sails Dr, Unit Ad, El Paso, TX 79936",79936,El Paso,31.780396,-106.31269,Multi-Family,10,4,4235,13068,1982,,Active,525000,123.97,2026-07-04T00:00:00.000Z,,2026-08-08T09:29:28.961Z,35,,,Elpaso,,,,,,,,,,,,,,2026-08-09
"2201-Willie-Mier-St,-El-Paso,-TX-79911","2201 Willie Mier St, El Paso, TX 79911",79911,El Paso,31.915545,-106.571567,Single Family,5,2.5,2595,7405,2019,7,Active,377000,145.28,2026-07-04T00:00:00.000Z,,2026-08-08T09:29:28.960Z,35,,,Elpaso,,,,,,,,,,,,,,2026-08-09
"6068-Rivet-Pl,-El-Paso,-TX-79932","6068 Rivet Pl, El Paso, TX 79932",79932,El Paso,31.87135,-106.583402,Single Family,4,3,2427,6534,2019,,Active,399000,164.4,2026-07-04T00:00:00.000Z,,2026-08-08T09:29:28.959Z,35,,,Elpaso,,,,,,,,,,,,,,2026-08-09
"14924-Jerry-Armstrong-Ct,-El-Paso,-TX-79938","14924 Jerry Armstrong Ct, El Paso, TX 79938",79938,El Paso,31.79062,-106.20236,Single Family,3,2.5,1790,5227,2017,,Active,264900,147.99,2026-07-04T00:00:00.000Z,,2026-08-08T09:29:28.958Z,35,,,Elpaso,,,,,,,,,,,,,,2026-08-09
"4815-Sierra-Madre-Dr,-El-Paso,-TX-79904","4815 Sierra Madre Dr, El Paso, TX 79904",79904,El Paso,31.858994,-106.42983,Single Family,3,1,1500,10019,1955,,Active,169950,113.3,2026-07-05T00:00:00.000Z,,2026-08-08T09:29:28.956Z,34,,,Elpaso,,,,,,,,,,,,,,2026-08-09
"2865-Maria-Casas-St,-El-Paso,-TX-79938","2865 Maria Casas St, El Paso, TX 79938",79938,El Paso,31.782489,-106.207348,Single Family,4,2,1631,6534,2021,,Active,265000,162.48,2026-07-05T00:00:00.000Z,,2026-08-08T09:29:28.955Z,34,,,Elpaso,,,,,,,,,,,,,,2026-08-09
"12263-Tierra-Loma-Rd,-El-Paso,-TX-79938","12263 Tierra Loma Rd, El Paso, TX 79938",79938,El Paso,31.786542,-106.264274,Single Family,4,2.5,2014,5663,2002,,Active,289000,143.5,2026-07-05T00:00:00.000Z,,2026-08-08T09:29:28.955Z,34,,,Elpaso,,,,,,,,,,,,,,2026-08-09
"256-Maricopa-Dr,-El-Paso,-TX-79912","256 Maricopa Dr, El Paso, TX 79912",79912,El Paso,31.831881,-106.549128,Townhouse,2,1,1122,4792,1973,310,Active,195000,173.8,2026-07-05T00:00:00.000Z,,2026-08-08T09:29:28.952Z,34,,,Elpaso,,,,,,,,,,,,,,2026-08-09
"Pn292376-Indian-Trail-Dr,-El-Paso,-TX-79928","Pn292376 Indian Trail Dr, El Paso, TX 79928",79928,El Paso,31.67891,-106.063068,Land,,,,47916,,,Active,59900,,2026-07-05T00:00:00.000Z,,2026-08-08T09:29:28.950Z,34,,,Elpaso,,,,,,,,,,,,,,2026-08-09
"14741-Cactus-Breeze-Way,-El-Paso,-TX-79934","14741 Cactus Breeze Way, El Paso, TX 79934",79934,El Paso,31.686354,-106.16538,Single Family,3,2.5,1834,,,,Active,305880,166.78,2026-07-06T00:00:00.000Z,,2026-08-08T09:29:28.949Z,33,View Homes - El Paso,Desert Breeze,,,,,,,,,,,,,,,2026-08-09
"12633-Honey-Mesquite,-El-Paso,-TX-79928","12633 Honey Mesquite, El Paso, TX 79928",79928,El Paso,31.739846,-106.252103,Single Family,4,2,2042,7405,2014,,Active,307000,150.34,2026-07-07T00:00:00.000Z,,2026-08-08T09:29:28.942Z,32,,,Elpaso,,,,,,,,,,,,,,2026-08-09
"3869-Belief-Ln,-El-Paso,-TX-79938","3869 Belief Ln, El Paso, TX 79938",79938,El Paso,31.807557,-106.188767,Single Family,4,2,1607,6098,2026,,Active,312500,194.46,2026-07-06T00:00:00.000Z,,2026-08-08T09:29:28.941Z,33,,,Elpaso,,,,,,,,,,,,,,2026-08-09
"6617-Isla-Del-Rey-Dr,-El-Paso,-TX-79912","6617 Isla Del Rey Dr, El Paso, TX 79912",79912,El Paso,31.861764,-106.541168,Single Family,5,3,2704,8276,1995,,Active,455000,168.27,2026-07-06T00:00:00.000Z,,2026-08-08T09:29:28.940Z,33,,,Elpaso,,,,,,,,,,,,,,2026-08-09
"831-Mision-De-Ruanda-Ave,-El-Paso,-TX-79932","831 Mision De Ruanda Ave, El Paso, TX 79932",79932,El Paso,31.782188,-106.43222,Single Family,4,2.5,2000,5663,2026,10,Active,450000,225.0,2026-07-06T00:00:00.000Z,,2026-08-08T09:29:28.940Z,33,,,Elpaso,,,,,,,,,,,,,,2026-08-09
"3868-Bubble-Pl,-El-Paso,-TX-79938","3868 Bubble Pl, El Paso, TX 79938",79938,El Paso,31.808683,-106.18969,Single Family,4,2,1674,6098,2026,,Active,317500,189.67,2026-07-06T00:00:00.000Z,,2026-08-08T09:29:28.939Z,33,,,Elpaso,,,,,,,,,,,,,,2026-08-09
"240-Paso-Noble-Dr,-El-Paso,-TX-79912","240 Paso Noble Dr, El Paso, TX 79912",79912,El Paso,31.831658,-106.550355,Townhouse,3,1.5,1488,1742,1973,311,Active,208000,139.78,2026-07-07T00:00:00.000Z,,2026-08-08T09:29:28.939Z,32,,,Elpaso,,,,,,,,,,,,,,2026-08-09
"972-Pellegrino-Ave,-El-Paso,-TX-79932","972 Pellegrino Ave, El Paso, TX 79932",79932,El Paso,31.890061,-106.624043,Single Family,5,3.5,3106,13068,2022,,Active,567500,182.71,2026-07-06T00:00:00.000Z,,2026-08-08T09:29:28.938Z,33,,,Elpaso,,,,,,,,,,,,,,2026-08-09
"3724-Model-Ln,-El-Paso,-TX-79938","3724 Model Ln, El Paso, TX 79938",79938,El Paso,31.804405,-106.188753,Single Family,3,1,1730,8276,2026,,Active,325000,187.86,2026-07-06T00:00:00.000Z,,2026-08-08T09:29:28.937Z,33,,,Elpaso,,,,,,,,,,,,,,2026-08-09
"5107-Wally-Dr,-El-Paso,-TX-79924","5107 Wally Dr, El Paso, TX 79924",79924,El Paso,31.890417,-106.422266,Single Family,2,1,1428,6970,1957,,Active,215000,150.56,2026-07-07T00:00:00.000Z,,2026-08-08T09:29:28.937Z,32,,,Elpaso,,,,,,,,,,,,,,2026-08-09
"2901-Polk-Ave,-El-Paso,-TX-79930","2901 Polk Ave, El Paso, TX 79930",79930,El Paso,31.815935,-106.461172,Single Family,3,2,1624,8712,1956,,Active,240000,147.78,2026-07-07T00:00:00.000Z,,2026-08-08T09:29:28.936Z,32,,,Elpaso,,,,,,,,,,,,,,2026-08-09
"879-Mision-De-Ruanda-Ave,-El-Paso,-TX-79932","879 Mision De Ruanda Ave, El Paso, TX 79932",79932,El Paso,31.886285,-106.594172,Single Family,4,2.5,1750,4792,2026,10,Active,402500,230.0,2026-07-06T00:00:00.000Z,,2026-08-08T09:29:28.935Z,33,,,Elpaso,,,,,,,,,,,,,,2026-08-09
"12464-Tierra-Nogal-Dr,-El-Paso,-TX-79938","12464 Tierra Nogal Dr, El Paso, TX 79938",79938,El Paso,31.783872,-106.256366,Single Family,4,2.5,2284,6534,2004,,Active,360000,157.62,2026-07-07T00:00:00.000Z,,2026-08-08T09:29:28.935Z,32,,,Elpaso,,,,,,,,,,,,,,2026-08-09
"873-Mision-De-Ruanda-Ave,-El-Paso,-TX-79932","873 Mision De Ruanda Ave, El Paso, TX 79932",79932,El Paso,31.887298,-106.595202,Single Family,4,2.5,1850,4792,2026,10,Active,425500,230.0,2026-07-06T00:00:00.000Z,,2026-08-08T09:29:28.934Z,33,,,Elpaso,,,,,,,,,,,,,,2026-08-09
"5757-Rick-Husband-Dr,-El-Paso,-TX-79934","5757 Rick Husband Dr, El Paso, TX 79934",79934,El Paso,31.937494,-106.409528,Single Family,4,2.5,1840,4792,2004,,Active,255000,138.59,2026-07-06T00:00:00.000Z,,2026-08-08T09:29:28.933Z,33,,,Elpaso,,,,,,,,,,,,,,2026-08-09
"14286-Hacienda-Rock-Dr,-El-Paso,-TX-79938","14286 Hacienda Rock Dr, El Paso, TX 79938",79938,El Paso,31.780621,-106.226499,Single Family,4,2,1444,5227,2010,,Active,235000,162.74,2026-07-06T00:00:00.000Z,,2026-08-08T09:29:28.932Z,33,,,Elpaso,,,,,,,,,,,,,,2026-08-09
"8612-Centennial-Dr,-El-Paso,-TX-79912","8612 Centennial Dr, El Paso, TX 79912",79912,El Paso,31.85355,-106.571995,Single Family,3,1,1383,5663,1995,,Active,279000,201.74,2026-07-07T00:00:00.000Z,,2026-08-08T09:29:28.931Z,32,,,Elpaso,,,,,,,,,,,,,,2026-08-09
"10917-Whitehall-Dr,-El-Paso,-TX-79934","10917 Whitehall Dr, El Paso, TX 79934",79934,El Paso,31.929286,-106.4027,Single Family,4,3,1848,5663,1995,,Active,279990,151.51,2026-07-07T00:00:00.000Z,,2026-08-08T09:29:28.930Z,32,,,Elpaso,,,,,,,,,,,,,,2026-08-09
"3701-Julie-Marie-Pl,-El-Paso,-TX-79938","3701 Julie Marie Pl, El Paso, TX 79938",79938,El Paso,31.807404,-106.159124,Single Family,2,1,768,15246,2026,,Active,170000,221.35,2026-07-07T00:00:00.000Z,,2026-08-08T09:29:28.930Z,32,,,Elpaso,,,,,,,,,,,,,,2026-08-09
"12737-Rodolfo-Anchondo-Ct,-El-Paso,-TX-79938","12737 Rodolfo Anchondo Ct, El Paso, TX 79938",79938,El Paso,31.817118,-106.248424,Single Family,3,2,1200,5663,2010,,Active,225000,187.5,2026-07-06T00:00:00.000Z,,2026-08-08T09:29:28.928Z,33,,,Elpaso,,,,,,,,,,,,,,2026-08-09
"1791-Sadie-Mae-Pl,-El-Paso,-TX-79928","1791 Sadie Mae Pl, El Paso, TX 79928",79928,El Paso,31.748786,-106.252845,Single Family,4,3,2137,6098,2022,,Active,349900,163.73,2026-07-07T00:00:00.000Z,,2026-08-08T09:29:28.926Z,32,,,Elpaso,,,,,,,,,,,,,,2026-08-09
"11358-Quintana-Dr,-El-Paso,-TX-79936","11358 Quintana Dr, El Paso, TX 79936",79936,El Paso,31.78754,-106.303996,Single Family,3,1,1244,7405,1982,,Active,215000,172.83,2026-07-07T00:00:00.000Z,,2026-08-08T09:29:28.925Z,32,,,Elpaso,,,,,,,,,,,,,,2026-08-09
"12256-Stansbury-Dr,-El-Paso,-TX-79928","12256 Stansbury Dr, El Paso, TX 79928",79928,El Paso,31.710836,-106.259737,Single Family,4,2,2213,6534,2012,,Active,344950,155.87,2026-07-06T00:00:00.000Z,,2026-08-08T09:29:28.924Z,33,,,Elpaso,,,,,,,,,,,,,,2026-08-09
"2292-Lisa-Sherr-St,-El-Paso,-TX-79938","2292 Lisa Sherr St, El Paso, TX 79938",79938,El Paso,31.778811,-106.265094,Single Family,4,1,1594,5663,2005,,Active,270000,169.39,2026-07-07T00:00:00.000Z,,2026-08-08T09:29:28.924Z,32,,,Elpaso,,,,,,,,,,,,,,2026-08-09
"13441-Emerald-Terrace-Dr,-El-Paso,-TX-79928","13441 Emerald Terrace Dr, El Paso, TX 79928",79928,El Paso,31.690564,-106.224242,Single Family,4,3.5,2338,7841,2026,62,Active,481950,206.14,2026-07-07T00:00:00.000Z,,2026-08-08T09:29:28.919Z,32,,,Elpaso,,,,,,,,,,,,,,2026-08-09
"10601-Causeway-Dr,-El-Paso,-TX-79935","10601 Causeway Dr, El Paso, TX 79935",79935,El Paso,31.769004,-106.339353,Single Family,4,2.5,2620,11326,1973,,Active,394950,150.74,2026-07-07T00:00:00.000Z,,2026-08-08T09:29:28.918Z,32,,,Elpaso,,,,,,,,,,,,,,2026-08-09
"2003-Detroit-Ave,-El-Paso,-TX-79902","2003 Detroit Ave, El Paso, TX 79902",79902,El Paso,31.782572,-106.474917,Land,,,,6098,,,Active,89900,,2026-07-07T00:00:00.000Z,,2026-08-08T09:29:28.914Z,32,,,Elpaso,,,,,,,,,,,,,,2026-08-09
"12813-Fredricksberg-Ave,-El-Paso,-TX-79928","12813 Fredricksberg Ave, El Paso, TX 79928",79928,El Paso,31.711456,-106.244208,Single Family,4,2,1897,8276,2024,,Active,380000,200.32,2026-07-08T00:00:00.000Z,,2026-08-08T09:29:28.911Z,31,,,Elpaso,,,,,,,,,,,,,,2026-08-09
"4433-N-Stanton-St,-Unit-Q455,-El-Paso,-TX-79902","4433 N Stanton St, Unit Q455, El Paso, TX 79902",79902,El Paso,31.759159,-106.487488,Condo,2,1,992,148540,1970,310,Active,165000,166.33,2026-07-08T00:00:00.000Z,,2026-08-08T09:29:28.910Z,31,,,Elpaso,,,,,,,,,,,,,,2026-08-09
"3431-Wickham-Ave,-El-Paso,-TX-79904","3431 Wickham Ave, El Paso, TX 79904",79904,El Paso,31.828664,-106.452849,Single Family,3,1,2734,6098,1969,,Active,260000,95.1,2026-07-09T00:00:00.000Z,,2026-08-08T09:29:28.909Z,30,,,Elpaso,,,,,,,,,,,,,,2026-08-09
"11965-Paseo-Dorado-Cir,-El-Paso,-TX-79936","11965 Paseo Dorado Cir, El Paso, TX 79936",79936,El Paso,31.770189,-106.278055,Single Family,4,3.5,2942,9583,2026,250,Active,975000,331.41,2026-07-08T00:00:00.000Z,,2026-08-08T09:29:28.908Z,31,,,Elpaso,,,,,,,,,,,,,,2026-08-09
"1255-Franklin-Raven-Pl,-El-Paso,-TX-79912","1255 Franklin Raven Pl, El Paso, TX 79912",79912,El Paso,31.87311,-106.526377,Single Family,5,4.5,3925,11326,2007,,Active,800000,203.82,2026-07-08T00:00:00.000Z,,2026-08-08T09:29:28.908Z,31,,,Elpaso,,,,,,,,,,,,,,2026-08-09
"5315-Montoya-Dr,-El-Paso,-TX-79932","5315 Montoya Dr, El Paso, TX 79932",79932,El Paso,31.851348,-106.599094,Single Family,5,3.5,5591,41818,1986,,Active,1499000,268.11,2026-07-09T00:00:00.000Z,,2026-08-08T09:29:28.907Z,30,,,Elpaso,,,,,,,,,,,,,,2026-08-09
"10039-Paloma-Dr,-El-Paso,-TX-79924","10039 Paloma Dr, El Paso, TX 79924",79924,El Paso,31.901357,-106.391778,Single Family,3,2,1551,5227,2007,,Active,259900,167.57,2026-07-09T00:00:00.000Z,,2026-08-08T09:29:28.906Z,30,,,Elpaso,,,,,,,,,,,,,,2026-08-09
"11317-Ardelle-Ave,-El-Paso,-TX-79936","11317 Ardelle Ave, El Paso, TX 79936",79936,El Paso,31.788459,-106.300808,Single Family,4,2.5,2683,6970,2025,,Active,599000,223.26,2026-07-09T00:00:00.000Z,,2026-08-08T09:29:28.906Z,30,,,Elpaso,,,,,,,,,,,,,,2026-08-09
"3708-La-Luz-Ave,-El-Paso,-TX-79903","3708 La Luz Ave, El Paso, TX 79903",79903,El Paso,31.784404,-106.44908,Single Family,3,1,2083,5227,1914,,Active,199950,95.99,2026-07-07T00:00:00.000Z,,2026-08-08T09:29:28.905Z,32,,,Elpaso,,,,,,,,,,,,,,2026-08-09
"14245-Star-Cactus,-El-Paso,-TX-79928","14245 Star Cactus, El Paso, TX 79928",79928,El Paso,31.6518439,-106.1900736,Single Family,3,2,1170,,,,Active,228100,194.96,2026-07-08T00:00:00.000Z,,2026-08-08T09:29:28.905Z,31,View Homes - El Paso,Rancho Desierto Bello,,,,,,,,,,,,,,,2026-08-09
"6233-Grace-Madriles-Pl,-El-Paso,-TX-79932","6233 Grace Madriles Pl, El Paso, TX 79932",79932,El Paso,31.882311,-106.611716,Single Family,5,2,1781,5663,2004,,Active,278000,156.09,2026-07-09T00:00:00.000Z,,2026-08-08T09:29:28.904Z,30,,,Elpaso,,,,,,,,,,,,,,2026-08-09
"2908-Sea-Breeze-Dr,-El-Paso,-TX-79936","2908 Sea Breeze Dr, El Paso, TX 79936",79936,El Paso,31.782047,-106.314676,Single Family,3,1,1324,6098,1975,,Active,199888,150.97,2026-07-08T00:00:00.000Z,,2026-08-08T09:29:28.903Z,31,,,Elpaso,,,,,,,,,,,,,,2026-08-09
"8713-Lakehurst-Rd,-El-Paso,-TX-79912","8713 Lakehurst Rd, El Paso, TX 79912",79912,El Paso,31.859931,-106.569068,Single Family,2,1,1548,10019,1977,,Active,349000,225.45,2026-07-08T00:00:00.000Z,,2026-08-08T09:29:28.902Z,31,,,Elpaso,,,,,,,,,,,,,,2026-08-09
"12339-Joe-Gomez-Ave,-El-Paso,-TX-79928","12339 Joe Gomez Ave, El Paso, TX 79928",79928,El Paso,31.689049,-106.254092,Single Family,4,2.5,2360,5227,2014,,Active,305000,129.24,2026-07-08T00:00:00.000Z,,2026-08-08T09:29:28.901Z,31,,,Elpaso,,,,,,,,,,,,,,2026-08-09
"1219-N-Florence-St,-El-Paso,-TX-79902","1219 N Florence St, El Paso, TX 79902",79902,El Paso,31.76871,-106.490951,Single Family,4,2,2286,6534,1930,,Active,260000,113.74,2026-07-09T00:00:00.000Z,,2026-08-08T09:29:28.900Z,30,,,Elpaso,,,,,,,,,,,,,,2026-08-09
"2009-William-Caples-St,-El-Paso,-TX-79938","2009 William Caples St, El Paso, TX 79938",79938,El Paso,31.764458,-106.224191,Single Family,3,2,1501,5663,2017,,Active,247000,164.56,2026-07-09T00:00:00.000Z,,2026-08-08T09:29:28.896Z,30,,,Elpaso,,,,,,,,,,,,,,2026-08-09
"3936-Altura-Ave,-El-Paso,-TX-79903","3936 Altura Ave, El Paso, TX 79903",79903,El Paso,31.794549,-106.444106,Single Family,3,2,1525,6970,1938,,Active,199000,130.49,2026-07-09T00:00:00.000Z,,2026-08-08T09:29:28.896Z,30,,,Elpaso,,,,,,,,,,,,,,2026-08-09
"921-Ada-Ln,-El-Paso,-TX-79932","921 Ada Ln, El Paso, TX 79932",79932,El Paso,31.872467,-106.623296,Single Family,4,3,2089,6098,2024,100,Active,439000,210.15,2026-07-09T00:00:00.000Z,,2026-08-08T09:29:28.895Z,30,,,Elpaso,,,,,,,,,,,,,,2026-08-09
"2504-Memphis-Ave,-El-Paso,-TX-79930","2504 Memphis Ave, El Paso, TX 79930",79930,El Paso,31.79928,-106.467396,Single Family,5,3,2993,9148,1991,,Active,389000,129.97,2026-07-09T00:00:00.000Z,,2026-08-08T09:29:28.895Z,30,,,Elpaso,,,,,,,,,,,,,,2026-08-09
"12409-Northumberg-Dr,-El-Paso,-TX-79928","12409 Northumberg Dr, El Paso, TX 79928",79928,El Paso,31.706357,-106.253384,Single Family,4,3,2686,6534,2024,,Active,494950,184.27,2026-07-09T00:00:00.000Z,,2026-08-08T09:29:28.894Z,30,,,Elpaso,,,,,,,,,,,,,,2026-08-09
"5582-Ch-Hunton-St,-El-Paso,-TX-79938","5582 Ch Hunton St, El Paso, TX 79938",79938,El Paso,31.879231,-106.183145,Land,,,,23087,,,Active,75000,,2026-07-09T00:00:00.000Z,,2026-08-08T09:29:28.893Z,30,,,Elpaso,,,,,,,,,,,,,,2026-08-09
"5651-Rio-Bonito-Cir,-El-Paso,-TX-79932","5651 Rio Bonito Cir, El Paso, TX 79932",79932,El Paso,31.864553,-106.601513,Land,,,,11326,,,Active,173900,,2026-07-08T00:00:00.000Z,,2026-08-08T09:29:28.892Z,31,,,Elpaso,,,,,,,,,,,,,,2026-08-09
"9204-Mount-San-Berdu-Dr,-El-Paso,-TX-79924","9204 Mount San Berdu Dr, El Paso, TX 79924",79924,El Paso,31.872913,-106.417682,Single Family,3,2,1749,6098,1957,,Active,224900,128.59,2026-07-09T00:00:00.000Z,,2026-08-08T09:29:28.891Z,30,,,Elpaso,,,,,,,,,,,,,,2026-08-09
"962-Keenland-Ave,-El-Paso,-TX-79932","962 Keenland Ave, El Paso, TX 79932",79932,El Paso,31.872749,-106.625068,Single Family,4,3,2098,6970,2024,100,Active,440580,210.0,2026-07-09T00:00:00.000Z,,2026-08-08T09:29:28.889Z,30,,,Elpaso,,,,,,,,,,,,,,2026-08-09
"3820-Course-St,-El-Paso,-TX-79938","3820 Course St, El Paso, TX 79938",79938,El Paso,31.805339,-106.195312,Single Family,4,2,1644,5227,2026,,Active,303950,184.88,2026-07-09T00:00:00.000Z,,2026-08-08T09:29:28.888Z,30,,,Elpaso,,,,,,,,,,,,,,2026-08-09
"7816-Enchanted-Nest-Ln,-El-Paso,-TX-79911","7816 Enchanted Nest Ln, El Paso, TX 79911",79911,El Paso,31.924041,-106.576824,Single Family,5,3.5,3403,9148,2022,,Active,599000,176.02,2026-07-08T00:00:00.000Z,,2026-08-08T09:29:28.886Z,31,,,Elpaso,,,,,,,,,,,,,,2026-08-09
"8656-Mount-Whitney-Dr,-El-Paso,-TX-79904","8656 Mount Whitney Dr, El Paso, TX 79904",79904,El Paso,31.861574,-106.420978,Single Family,4,1,1216,6970,1955,,Active,210000,172.7,2026-07-09T00:00:00.000Z,,2026-08-08T09:29:28.886Z,30,,,Elpaso,,,,,,,,,,,,,,2026-08-09
"6261-Los-Bancos-Dr,-El-Paso,-TX-79912","6261 Los Bancos Dr, El Paso, TX 79912",79912,El Paso,31.857186,-106.527959,Single Family,4,4,3095,10019,1994,,Active,789000,254.93,2026-07-09T00:00:00.000Z,,2026-08-08T09:29:28.885Z,30,,,Elpaso,,,,,,,,,,,,,,2026-08-09
"1803-Espy-Gamboa-Dr,-El-Paso,-TX-79928","1803 Espy Gamboa Dr, El Paso, TX 79928",79928,El Paso,31.746486,-106.258452,Single Family,4,3,1971,5663,2026,,Active,383316,194.48,2026-07-09T00:00:00.000Z,,2026-08-08T09:29:28.885Z,30,,,Elpaso,,,,,,,,,,,,,,2026-08-09
"2348-Kolt-Ct,-El-Paso,-TX-79911","2348 Kolt Ct, El Paso, TX 79911",79911,El Paso,31.919504,-106.567672,Single Family,4,2,2641,6970,2021,100,Active,477000,180.61,2026-07-09T00:00:00.000Z,,2026-08-08T09:29:28.884Z,30,,,Elpaso,,,,,,,,,,,,,,2026-08-09
"6733-Wagon-Wheel-Cir,-El-Paso,-TX-79938","6733 Wagon Wheel Cir, El Paso, TX 79938",79938,El Paso,31.90905,-106.073576,Land,,,,227819,,,Active,69000,,2026-07-09T00:00:00.000Z,,2026-08-08T09:29:28.883Z,30,,,Elpaso,,,,,,,,,,,,,,2026-08-09
"11729-Imperial-Gem-Ave,-El-Paso,-TX-79936","11729 Imperial Gem Ave, El Paso, TX 79936",79936,El Paso,31.793405,-106.283634,Single Family,3,2,1510,4792,2000,,Active,217500,144.04,2026-07-09T00:00:00.000Z,,2026-08-08T09:29:28.883Z,30,,,Elpaso,,,,,,,,,,,,,,2026-08-09
"5917-Chippendale-Ave,-El-Paso,-TX-79934","5917 Chippendale Ave, El Paso, TX 79934",79934,El Paso,31.933204,-106.404109,Single Family,3,2,1963,5227,1996,,Active,229500,116.91,2026-07-09T00:00:00.000Z,,2026-08-08T09:29:28.882Z,30,,,Elpaso,,,,,,,,,,,,,,2026-08-09
"350-Hourglass-Dr,-El-Paso,-TX-79915","350 Hourglass Dr, El Paso, TX 79915",79915,El Paso,31.722639,-106.361276,Single Family,4,2,1467,6098,1980,,Active,205000,139.74,2026-07-09T00:00:00.000Z,,2026-08-08T09:29:28.881Z,30,,,Elpaso,,,,,,,,,,,,,,2026-08-09
"620-Paseo-De-La-Riena-St,-El-Paso,-TX-79928","620 Paseo De La Riena St, El Paso, TX 79928",79928,El Paso,31.7170121,-106.2006986,Single Family,4,2.5,2048,5227,2026,,Active,309720,151.23,2026-07-10T00:00:00.000Z,,2026-08-08T08:45:44.221Z,29,View Homes - El Paso,Paseos Del Este,,,,,,,,,,,,,,,2026-08-09
"14181-Seattle-Slew-Dr,-El-Paso,-TX-79938","14181 Seattle Slew Dr, El Paso, TX 79938",79938,El Paso,31.804345,-106.183748,Manufactured,3,2,1023,16553,1989,,Active,247500,241.94,2026-07-10T00:00:00.000Z,,2026-08-08T08:45:44.204Z,29,,,Elpaso,,,,,,,,,,,,,,2026-08-09
"326-Silverhill-Pl,-El-Paso,-TX-79928","326 Silverhill Pl, El Paso, TX 79928",79928,El Paso,31.691989,-106.252454,Single Family,4,2.5,2267,5227,2016,,Active,329950,145.54,2026-07-10T00:00:00.000Z,,2026-08-08T08:45:44.203Z,29,,,Elpaso,,,,,,,,,,,,,,2026-08-09
"4000-Camelot-Heights-Dr,-Unit-D,-El-Paso,-TX-79902","4000 Camelot Heights Dr, Unit D, El Paso, TX 79902",79902,El Paso,31.800539,-106.510161,Townhouse,4,3.5,2354,15682,2018,,Active,419000,177.99,2026-07-10T00:00:00.000Z,,2026-08-08T08:45:44.202Z,29,,,Elpaso,,,,,,,,,,,,,,2026-08-09
"234-Notts-Way,-El-Paso,-TX-79928","234 Notts Way, El Paso, TX 79928",79928,El Paso,31.685172,-106.239457,Single Family,3,2.5,2210,5663,2021,,Active,299000,135.29,2026-07-10T00:00:00.000Z,,2026-08-08T08:45:44.200Z,29,,,Elpaso,,,,,,,,,,,,,,2026-08-09
"5953-Redstone-Rim-Dr,-El-Paso,-TX-79934","5953 Redstone Rim Dr, El Paso, TX 79934",79934,El Paso,31.93708,-106.404929,Single Family,3,2,1528,5663,2008,17,Active,240000,157.07,2026-07-10T00:00:00.000Z,,2026-08-08T08:45:44.190Z,29,,,Elpaso,,,,,,,,,,,,,,2026-08-09
"PID-386220-Hunnicut-Rd,-El-Paso,-TX-79938","PID-386220 Hunnicut Rd, El Paso, TX 79938",79938,El Paso,31.857866,-106.138083,Land,,,,108900,,,Active,109000,,2026-07-10T00:00:00.000Z,,2026-08-08T08:45:44.187Z,29,,,Elpaso,,,,,,,,,,,,,,2026-08-09
"14824-David-Latin-Ave,-El-Paso,-TX-79938","14824 David Latin Ave, El Paso, TX 79938",79938,El Paso,31.796585,-106.204923,Single Family,3,2,1746,4792,2018,,Active,265000,151.78,2026-07-10T00:00:00.000Z,,2026-08-08T08:45:44.162Z,29,,,Elpaso,,,,,,,,,,,,,,2026-08-09
"615-Blanchard-Ave,-El-Paso,-TX-79902","615 Blanchard Ave, El Paso, TX 79902",79902,El Paso,31.775414,-106.495407,Single Family,3,1.5,3123,9148,1951,,Active,819000,262.25,2026-07-10T00:00:00.000Z,,2026-08-08T08:45:44.160Z,29,,,Elpaso,,,,,,,,,,,,,,2026-08-09
"1807-Preakness-Ave,-El-Paso,-TX-79928","1807 Preakness Ave, El Paso, TX 79928",79928,El Paso,31.743819,-106.248268,Single Family,4,2.5,1830,5663,2027,,Active,329950,180.3,2026-07-10T00:00:00.000Z,,2026-08-08T08:45:44.159Z,29,,,Elpaso,,,,,,,,,,,,,,2026-08-09
"6313-Franklin-Bluff-Dr,-El-Paso,-TX-79912","6313 Franklin Bluff Dr, El Paso, TX 79912",79912,El Paso,31.869923,-106.530379,Single Family,4,2,3283,8276,2004,,Active,675000,205.6,2026-07-11T00:00:00.000Z,,2026-08-08T08:45:44.158Z,28,,,Elpaso,,,,,,,,,,,,,,2026-08-09
"Pn315542-Abrams-Dr,-El-Paso,-TX-79938","Pn315542 Abrams Dr, El Paso, TX 79938",79938,El Paso,31.766357,-106.212159,Land,,,,11326,,,Active,39900,,2026-07-10T00:00:00.000Z,,2026-08-08T08:45:44.157Z,29,,,Elpaso,,,,,,,,,,,,,,2026-08-09
"1804-Kelsey-Davis-Ave,-El-Paso,-TX-79928","1804 Kelsey Davis Ave, El Paso, TX 79928",79928,El Paso,31.743727,-106.248368,Single Family,4,2.5,2013,5663,2027,,Active,343950,170.86,2026-07-10T00:00:00.000Z,,2026-08-08T08:45:44.156Z,29,,,Elpaso,,,,,,,,,,,,,,2026-08-09
"14261-Woods-Point-Ave,-El-Paso,-TX-79938","14261 Woods Point Ave, El Paso, TX 79938",79938,El Paso,31.774028,-106.227404,Single Family,4,2.5,1988,4792,2011,,Active,243360,122.41,2026-07-10T00:00:00.000Z,,2026-08-08T08:45:44.154Z,29,,,Elpaso,,,,,,,,,,,,,,2026-08-09
"3821-Findley-Ave,-El-Paso,-TX-79905","3821 Findley Ave, El Paso, TX 79905",79905,El Paso,31.769611,-106.447431,Single Family,3,1,828,3485,1964,,Active,184900,223.31,2026-07-10T00:00:00.000Z,,2026-08-08T08:45:44.153Z,29,,,Elpaso,,,,,,,,,,,,,,2026-08-09
"201-N-Desert-Pass-St,-Unit-B7,-El-Paso,-TX-79912","201 N Desert Pass St, Unit B7, El Paso, TX 79912",79912,El Paso,31.835987,-106.559235,Townhouse,3,2.5,1791,1742,2025,220,Active,386900,216.02,2026-07-10T00:00:00.000Z,,2026-08-08T08:45:44.152Z,29,,,Elpaso,,,,,,,,,,,,,,2026-08-09
"14749-Jim-Bridger-Rd,-El-Paso,-TX-79938","14749 Jim Bridger Rd, El Paso, TX 79938",79938,El Paso,31.871568,-106.169123,Land,,,,225205,,,Active,449950,,2026-07-10T00:00:00.000Z,,2026-08-08T08:45:44.151Z,29,,,Elpaso,,,,,,,,,,,,,,2026-08-09
"3821-Mcconnell-Ave,-El-Paso,-TX-79904","3821 Mcconnell Ave, El Paso, TX 79904",79904,El Paso,31.827858,-106.447097,Single Family,3,2,1980,6098,1950,,Active,269900,136.31,2026-07-11T00:00:00.000Z,,2026-08-08T08:45:44.151Z,28,,,Elpaso,,,,,,,,,,,,,,2026-08-09
"1496-Victoria-Marie-Dr,-El-Paso,-TX-79928","1496 Victoria Marie Dr, El Paso, TX 79928",79928,El Paso,31.737923,-106.250609,Single Family,4,2,2175,5663,2019,,Active,339900,156.28,2026-07-11T00:00:00.000Z,,2026-08-08T08:45:44.150Z,28,,,Elpaso,,,,,,,,,,,,,,2026-08-09
"12657-Azulito-St,-El-Paso,-TX-79928","12657 Azulito St, El Paso, TX 79928",79928,El Paso,31.728858,-106.251273,Single Family,4,2.5,2317,5227,2016,,Active,309999,133.79,2026-07-12T00:00:00.000Z,,2026-08-08T08:45:44.150Z,27,,,Elpaso,,,,,,,,,,,,,,2026-08-09
"3912-Las-Vegas-Dr,-El-Paso,-TX-79902","3912 Las Vegas Dr, El Paso, TX 79902",79902,El Paso,31.789788,-106.499197,Single Family,4,4,3300,9583,2021,,Active,874500,265.0,2026-07-11T00:00:00.000Z,,2026-08-08T08:45:44.148Z,28,,,Elpaso,,,,,,,,,,,,,,2026-08-09
"3429A-Risner-Pl,-El-Paso,-TX-79936","3429A Risner Pl, El Paso, TX 79936",79936,El Paso,31.792162,-106.310516,Multi-Family,3,1,1184,3920,1981,,Active,189500,160.05,2026-07-11T00:00:00.000Z,,2026-08-08T08:45:44.148Z,28,,,Elpaso,,,,,,,,,,,,,,2026-08-09
"12669-Cono-Norte-Dr,-El-Paso,-TX-79934","12669 Cono Norte Dr, El Paso, TX 79934",79934,El Paso,31.97479,-106.355591,Single Family,3,2,1597,5227,2024,,Active,261950,164.03,2026-07-11T00:00:00.000Z,,2026-08-08T08:45:44.147Z,28,,,Elpaso,,,,,,,,,,,,,,2026-08-09
"12244-Biddleston-Dr,-El-Paso,-TX-79928","12244 Biddleston Dr, El Paso, TX 79928",79928,El Paso,31.695026,-106.255541,Single Family,4,3,3092,8276,2019,27,Active,620000,200.52,2026-07-11T00:00:00.000Z,,2026-08-08T08:45:44.146Z,28,,,Elpaso,,,,,,,,,,,,,,2026-08-09
"6629-Dawn-Dr,-Apt-B,-El-Paso,-TX-79912","6629 Dawn Dr, Apt B, El Paso, TX 79912",79912,El Paso,31.843962,-106.538459,Townhouse,3,2.5,1385,3049,1978,,Active,250000,180.51,2026-07-11T00:00:00.000Z,,2026-08-08T08:45:44.145Z,28,,,Elpaso,,,,,,,,,,,,,,2026-08-09
"9813-La-Morenita-Cir,-El-Paso,-TX-79927","9813 La Morenita Cir, El Paso, TX 79927",79927,El Paso,31.665796,-106.312795,Single Family,4,3,1962,5663,1998,,Active,249000,126.91,2026-07-11T00:00:00.000Z,,2026-08-08T08:45:44.145Z,28,,,Elpaso,,,,,,,,,,,,,,2026-08-09
"5045-Margarita-Talamantes,-El-Paso,-TX-79938","5045 Margarita Talamantes, El Paso, TX 79938",79938,El Paso,31.824363,-106.249926,Single Family,4,2,1454,4356,2023,,Active,235000,161.62,2026-07-11T00:00:00.000Z,,2026-08-08T08:45:44.144Z,28,,,Elpaso,,,,,,,,,,,,,,2026-08-09
"2021-Sun-Country-Dr,-El-Paso,-TX-79938","2021 Sun Country Dr, El Paso, TX 79938",79938,El Paso,31.764093,-106.262785,Single Family,4,3,2581,8276,1996,13,Active,298000,115.46,2026-07-12T00:00:00.000Z,,2026-08-08T08:45:44.144Z,27,,,Elpaso,,,,,,,,,,,,,,2026-08-09
"14168-Tierra-Delfin-Dr,-El-Paso,-TX-79938","14168 Tierra Delfin Dr, El Paso, TX 79938",79938,El Paso,31.802337,-106.228007,Single Family,3,2.5,1514,5663,2007,,Active,265000,175.03,2026-07-11T00:00:00.000Z,,2026-08-08T08:45:44.143Z,28,,,Elpaso,,,,,,,,,,,,,,2026-08-09
"1738-Bit-Way,-El-Paso,-TX-79911","1738 Bit Way, El Paso, TX 79911",79911,El Paso,31.896158,-106.56143,Single Family,3,,3010,,,,Active,632990,210.3,2026-07-12T00:00:00.000Z,,2026-08-08T08:45:44.141Z,27,Hakes Brothers,Cimarron Canyon,,,,,,,,,,,,,,,2026-08-09
"3324-Kilgore-Pl,-El-Paso,-TX-79936","3324 Kilgore Pl, El Paso, TX 79936",79936,El Paso,31.789645,-106.32129,Single Family,3,1,1557,6970,1977,,Active,275000,176.62,2026-07-11T00:00:00.000Z,,2026-08-08T08:45:44.140Z,28,,,Elpaso,,,,,,,,,,,,,,2026-08-09
"3020-Cork-Dr,-El-Paso,-TX-79925","3020 Cork Dr, El Paso, TX 79925",79925,El Paso,31.786288,-106.349795,Single Family,4,1,2075,7405,1961,,Active,349950,168.65,2026-07-12T00:00:00.000Z,,2026-08-08T08:45:44.139Z,27,,,Elpaso,,,,,,,,,,,,,,2026-08-09
"14245-Banana-Yucca,-El-Paso,-TX-79928","14245 Banana Yucca, El Paso, TX 79928",79928,El Paso,31.6518439,-106.1900736,Single Family,3,2,1376,,,,Active,243400,176.89,2026-07-12T00:00:00.000Z,,2026-08-08T08:45:44.139Z,27,View Homes - El Paso,Rancho Desierto Bello,,,,,,,,,,,,,,,2026-08-09
"10217-Singapore-Ave,-El-Paso,-TX-79925","10217 Singapore Ave, El Paso, TX 79925",79925,El Paso,31.779247,-106.344168,Single Family,3,3,2276,8276,1966,,Active,285000,125.22,2026-07-11T00:00:00.000Z,,2026-08-08T08:45:44.138Z,28,,,Elpaso,,,,,,,,,,,,,,2026-08-09
"304-Caporal-Ct,-El-Paso,-TX-79932","304 Caporal Ct, El Paso, TX 79932",79932,El Paso,31.85481,-106.590238,Single Family,4,2,2627,31363,1976,25,Active,549000,208.98,2026-07-12T00:00:00.000Z,,2026-08-08T08:45:44.137Z,27,,,Elpaso,,,,,,,,,,,,,,2026-08-09
"814-Galloway-Dr,-El-Paso,-TX-79902","814 Galloway Dr, El Paso, TX 79902",79902,El Paso,31.784077,-106.500566,Single Family,5,2,2015,10890,1956,,Active,450000,223.33,2026-07-12T00:00:00.000Z,,2026-08-08T08:45:44.136Z,27,,,Elpaso,,,,,,,,,,,,,,2026-08-09
"4204-Emory-Rd,-El-Paso,-TX-79922","4204 Emory Rd, El Paso, TX 79922",79922,El Paso,31.820416,-106.566083,Single Family,3,1,2976,82328,1936,,Active,600000,201.61,2026-07-13T00:00:00.000Z,,2026-08-08T08:45:44.131Z,26,,,Elpaso,,,,,,,,,,,,,,2026-08-09
"5760-Longview-Dr,-El-Paso,-TX-79924","5760 Longview Dr, El Paso, TX 79924",79924,El Paso,31.927644,-106.40893,Single Family,3,1,1220,6098,1978,,Active,205000,168.03,2026-07-12T00:00:00.000Z,,2026-08-08T08:45:44.130Z,27,,,Elpaso,,,,,,,,,,,,,,2026-08-09
"200-Canyon-Terrace-Dr,-El-Paso,-TX-79902","200 Canyon Terrace Dr, El Paso, TX 79902",79902,El Paso,31.786264,-106.489611,Townhouse,3,2,1418,6098,1983,46,Active,350000,246.83,2026-07-12T00:00:00.000Z,,2026-08-08T08:45:44.128Z,27,,,Elpaso,,,,,,,,,,,,,,2026-08-09
"4155-Krupp-Dr,-Apt-B,-El-Paso,-TX-79902","4155 Krupp Dr, Apt B, El Paso, TX 79902",79902,El Paso,31.79324,-106.507732,Townhouse,1,1,782,30056,1963,280,Active,122000,156.01,2026-07-13T00:00:00.000Z,,2026-08-08T08:45:44.123Z,26,,,Elpaso,,,,,,,,,,,,,,2026-08-09
"PN-25566-Oslo-Ave,-El-Paso,-TX-79938","PN-25566 Oslo Ave, El Paso, TX 79938",79938,El Paso,31.93376,-106.058612,Land,,,,6534,,,Active,5000,,2026-07-13T00:00:00.000Z,,2026-08-08T08:45:44.122Z,26,,,Elpaso,,,,,,,,,,,,,,2026-08-09
"14701-Crystal-Breeze-Way,-El-Paso,-TX-79928","14701 Crystal Breeze Way, El Paso, TX 79928",79928,El Paso,31.684923,-106.1673,Single Family,3,2,1834,7405,2026,,Active,299900,163.52,2026-07-13T00:00:00.000Z,,2026-08-08T08:45:44.122Z,26,,,Elpaso,,,,,,,,,,,,,,2026-08-09
"14001-Rainbow-Point-Dr,-El-Paso,-TX-79938","14001 Rainbow Point Dr, El Paso, TX 79938",79938,El Paso,31.784965,-106.240372,Single Family,4,2,1910,8712,2011,,Active,308000,161.26,2026-07-13T00:00:00.000Z,,2026-08-08T08:45:44.121Z,26,,,Elpaso,,,,,,,,,,,,,,2026-08-09
"1207-N-Kansas-St,-El-Paso,-TX-79902","1207 N Kansas St, El Paso, TX 79902",79902,El Paso,31.767263,-106.492326,Single Family,3,2,1745,4792,1913,,Active,339900,194.79,2026-07-12T00:00:00.000Z,,2026-08-08T08:45:44.120Z,27,,,Elpaso,,,,,,,,,,,,,,2026-08-09
"1812-Kelsey-Davis-Ave,-El-Paso,-TX-79928","1812 Kelsey Davis Ave, El Paso, TX 79928",79928,El Paso,31.743766,-106.249018,Single Family,4,2.5,1998,5663,2027,,Active,339950,170.15,2026-07-14T00:00:00.000Z,,2026-08-08T08:45:44.120Z,25,,,Elpaso,,,,,,,,,,,,,,2026-08-09
"1829-Stirrup-Pl,-El-Paso,-TX-79911","1829 Stirrup Pl, El Paso, TX 79911",79911,El Paso,31.896237,-106.569325,Single Family,4,3.5,3880,12197,2023,21,Active,1199950,309.27,2026-07-13T00:00:00.000Z,,2026-08-08T08:45:44.119Z,26,,,Elpaso,,,,,,,,,,,,,,2026-08-09
"5013-Winthrop-Dr,-El-Paso,-TX-79924","5013 Winthrop Dr, El Paso, TX 79924",79924,El Paso,31.913433,-106.424716,Single Family,4,1.5,1075,6970,1972,,Active,185000,172.09,2026-07-12T00:00:00.000Z,,2026-08-08T08:45:44.118Z,27,,,Elpaso,,,,,,,,,,,,,,2026-08-09
"12157-Saint-Lucia-Dr,-El-Paso,-TX-79936","12157 Saint Lucia Dr, El Paso, TX 79936",79936,El Paso,31.744853,-106.274311,Single Family,3,2.5,2127,6970,2004,,Active,260000,122.24,2026-07-14T00:00:00.000Z,,2026-08-08T08:45:44.117Z,25,,,Elpaso,,,,,,,,,,,,,,2026-08-09
"14613-Hunters-Grove-Ave,-El-Paso,-TX-79938","14613 Hunters Grove Ave, El Paso, TX 79938",79938,El Paso,31.786532,-106.211945,Single Family,4,2,1534,6098,2014,,Active,289950,189.02,2026-07-14T00:00:00.000Z,,2026-08-08T08:45:44.117Z,25,,,Elpaso,,,,,,,,,,,,,,2026-08-09
"11352-Santa-Barbara-Dr,-El-Paso,-TX-79927","11352 Santa Barbara Dr, El Paso, TX 79927",79927,El Paso,31.623257,-106.277667,Single Family,4,3,1677,6098,2022,,Active,260000,155.04,2026-07-14T00:00:00.000Z,,2026-08-08T08:45:44.115Z,25,,,Elpaso,,,,,,,,,,,,,,2026-08-09
"PN-83298-Vanceboro-Dr,-El-Paso,-TX-79928","PN-83298 Vanceboro Dr, El Paso, TX 79928",79928,El Paso,31.734245,-106.212091,Land,,,,11326,,,Active,25000,,2026-07-14T00:00:00.000Z,,2026-08-08T08:45:44.115Z,25,,,Elpaso,,,,,,,,,,,,,,2026-08-09
"13876-Paseo-Sereno-Dr,-El-Paso,-TX-79928","13876 Paseo Sereno Dr, El Paso, TX 79928",79928,El Paso,31.708074,-106.205815,Single Family,4,2,1694,5227,2023,37,Active,274900,162.28,2026-07-13T00:00:00.000Z,,2026-08-08T08:45:44.114Z,26,,,Elpaso,,,,,,,,,,,,,,2026-08-09
"4621-Sierra-Vista-Dr,-El-Paso,-TX-79904","4621 Sierra Vista Dr, El Paso, TX 79904",79904,El Paso,31.85697,-106.433736,Single Family,2,1,785,6970,1954,,Active,129995,165.6,2026-07-14T00:00:00.000Z,,2026-08-08T08:45:44.113Z,25,,,Elpaso,,,,,,,,,,,,,,2026-08-09
"PN-356564-Boxbough-Rd,-El-Paso,-TX-79928","PN-356564 Boxbough Rd, El Paso, TX 79928",79928,El Paso,31.644625,-106.163136,Land,,,,10019,,,Active,11000,,2026-07-14T00:00:00.000Z,,2026-08-08T08:45:44.113Z,25,,,Elpaso,,,,,,,,,,,,,,2026-08-09
"6238-Spotted-Eagle-Dr,-El-Paso,-TX-79924","6238 Spotted Eagle Dr, El Paso, TX 79924",79924,El Paso,31.900361,-106.390549,Single Family,4,2,1721,5227,2007,,Active,239000,138.87,2026-07-13T00:00:00.000Z,,2026-08-08T08:45:44.112Z,26,,,Elpaso,,,,,,,,,,,,,,2026-08-09
"50998-Purple-Mat-Ave,-El-Paso,-TX-79934","50998 Purple Mat Ave, El Paso, TX 79934",79934,El Paso,31.953742,-106.413197,Single Family,4,1.5,1750,5663,2026,29,Active,329950,188.54,2026-07-14T00:00:00.000Z,,2026-08-08T08:45:44.112Z,25,,,Elpaso,,,,,,,,,,,,,,2026-08-09
"7079-Canary-Ct,-El-Paso,-TX-79915","7079 Canary Ct, El Paso, TX 79915",79915,El Paso,31.752381,-106.393884,Single Family,2,1,1089,6534,1950,,Active,140000,128.56,2026-07-13T00:00:00.000Z,,2026-08-08T08:45:44.111Z,26,,,Elpaso,,,,,,,,,,,,,,2026-08-09
"2116-Lake-Huron-Dr,-El-Paso,-TX-79936","2116 Lake Huron Dr, El Paso, TX 79936",79936,El Paso,31.773724,-106.292532,Single Family,3,2.5,2287,6970,1990,,Active,375000,163.97,2026-07-14T00:00:00.000Z,,2026-08-08T08:45:44.111Z,25,,,Elpaso,,,,,,,,,,,,,,2026-08-09
"6325-Westwind-Dr,-El-Paso,-TX-79912","6325 Westwind Dr, El Paso, TX 79912",79912,El Paso,31.839656,-106.532676,Single Family,4,1,2396,10019,1963,,Active,419000,174.87,2026-07-14T00:00:00.000Z,,2026-08-08T08:45:44.110Z,25,,,Elpaso,,,,,,,,,,,,,,2026-08-09
"2425-Anise-Dr,-El-Paso,-TX-79936","2425 Anise Dr, El Paso, TX 79936",79936,El Paso,31.773766,-106.314927,Single Family,3,2,1815,7841,1977,,Active,259000,142.7,2026-07-14T00:00:00.000Z,,2026-08-08T08:45:44.109Z,25,,,Elpaso,,,,,,,,,,,,,,2026-08-09
"PN-405761-Snow-St,-El-Paso,-TX-79928","PN-405761 Snow St, El Paso, TX 79928",79928,El Paso,31.714304,-106.192933,Land,,,,10890,,,Active,20000,,2026-07-14T00:00:00.000Z,,2026-08-08T08:45:44.109Z,25,,,Elpaso,,,,,,,,,,,,,,2026-08-09
"50994-Purple-Mat-Ave,-El-Paso,-TX-79934","50994 Purple Mat Ave, El Paso, TX 79934",79934,El Paso,31.953742,-106.413197,Single Family,3,1.5,1674,6098,2026,29,Active,329950,197.1,2026-07-14T00:00:00.000Z,,2026-08-08T08:45:44.108Z,25,,,Elpaso,,,,,,,,,,,,,,2026-08-09
"50989-Purple-Mat-Ave,-El-Paso,-TX-79934","50989 Purple Mat Ave, El Paso, TX 79934",79934,El Paso,31.954153,-106.413205,Single Family,4,1.5,1750,5663,2026,29,Active,329950,188.54,2026-07-14T00:00:00.000Z,,2026-08-08T08:45:44.108Z,25,,,Elpaso,,,,,,,,,,,,,,2026-08-09
"50985-Purple-Mat-Ave,-El-Paso,-TX-79934","50985 Purple Mat Ave, El Paso, TX 79934",79934,El Paso,31.954153,-106.413205,Single Family,3,1.5,1687,5663,2026,29,Active,329950,195.58,2026-07-14T00:00:00.000Z,,2026-08-08T08:45:44.107Z,25,,,Elpaso,,,,,,,,,,,,,,2026-08-09
"11158-Blue-Eyed-Grass-St,-El-Paso,-TX-79934","11158 Blue Eyed Grass St, El Paso, TX 79934",79934,El Paso,31.95515,-106.409415,Single Family,3,1.5,1697,6098,2026,29,Active,329950,194.43,2026-07-14T00:00:00.000Z,,2026-08-08T08:45:44.107Z,25,,,Elpaso,,,,,,,,,,,,,,2026-08-09
"50990-Desert-Calico-Ave,-El-Paso,-TX-79934","50990 Desert Calico Ave, El Paso, TX 79934",79934,El Paso,31.954469,-106.413214,Single Family,4,1.5,1750,5663,2026,29,Active,329950,188.54,2026-07-14T00:00:00.000Z,,2026-08-08T08:45:44.107Z,25,,,Elpaso,,,,,,,,,,,,,,2026-08-09
"14228-Star-Cactus-Ave,-El-Paso,-TX-79928","14228 Star Cactus Ave, El Paso, TX 79928",79928,El Paso,31.6518439,-106.1900736,Single Family,3,2,1067,,,,Active,218800,205.06,2026-07-15T00:00:00.000Z,,2026-08-08T08:45:44.106Z,24,View Homes - El Paso,Rancho Desierto Bello,,,,,,,,,,,,,,,2026-08-09
"50978-Purple-Mat-Ave,-El-Paso,-TX-79934","50978 Purple Mat Ave, El Paso, TX 79934",79934,El Paso,31.953742,-106.413197,Single Family,3,1.5,1674,6098,2026,29,Active,329950,197.1,2026-07-14T00:00:00.000Z,,2026-08-08T08:45:44.105Z,25,,,Elpaso,,,,,,,,,,,,,,2026-08-09
"1786-Kayla-Bree-St,-El-Paso,-TX-79928","1786 Kayla Bree St, El Paso, TX 79928",79928,El Paso,31.748516,-106.253218,Single Family,4,1.5,2137,5663,2023,,Active,379900,177.77,2026-07-14T00:00:00.000Z,,2026-08-08T08:45:44.104Z,25,,,Elpaso,,,,,,,,,,,,,,2026-08-09
"50982-Purple-Mat-Ave,-El-Paso,-TX-79934","50982 Purple Mat Ave, El Paso, TX 79934",79934,El Paso,31.953742,-106.413197,Single Family,4,1.5,1750,5663,2026,29,Active,329950,188.54,2026-07-14T00:00:00.000Z,,2026-08-08T08:45:44.104Z,25,,,Elpaso,,,,,,,,,,,,,,2026-08-09
"50974-Purple-Mat-Ave,-El-Paso,-TX-79934","50974 Purple Mat Ave, El Paso, TX 79934",79934,El Paso,31.953742,-106.413197,Single Family,3,1.5,1687,5663,2026,29,Active,329950,195.58,2026-07-14T00:00:00.000Z,,2026-08-08T08:45:44.103Z,25,,,Elpaso,,,,,,,,,,,,,,2026-08-09
"11808-Jenwood-Pl,-El-Paso,-TX-79934","11808 Jenwood Pl, El Paso, TX 79934",79934,El Paso,31.954812,-106.414448,Single Family,4,1.5,1750,6534,2026,29,Active,329950,188.54,2026-07-14T00:00:00.000Z,,2026-08-08T08:45:44.102Z,25,,,Elpaso,,,,,,,,,,,,,,2026-08-09
"14629-Tierra-Spring-Ave,-El-Paso,-TX-79938","14629 Tierra Spring Ave, El Paso, TX 79938",79938,El Paso,31.773203,-106.209687,Single Family,4,2.5,2739,8712,2027,,Active,627500,229.1,2026-07-14T00:00:00.000Z,,2026-08-08T08:45:44.102Z,25,,,Elpaso,,,,,,,,,,,,,,2026-08-09
"14620-Tierra-Spring-Ave,-El-Paso,-TX-79938","14620 Tierra Spring Ave, El Paso, TX 79938",79938,El Paso,31.772745,-106.210144,Single Family,4,2.5,2739,8712,2027,,Active,627500,229.1,2026-07-14T00:00:00.000Z,,2026-08-08T08:45:44.101Z,25,,,Elpaso,,,,,,,,,,,,,,2026-08-09
"11804-Jenwood-Pl,-El-Paso,-TX-79934","11804 Jenwood Pl, El Paso, TX 79934",79934,El Paso,31.954812,-106.414448,Single Family,3,1.5,1674,6534,2026,29,Active,329950,197.1,2026-07-14T00:00:00.000Z,,2026-08-08T08:45:44.101Z,25,,,Elpaso,,,,,,,,,,,,,,2026-08-09
"50986-Desert-Calico-Ave,-El-Paso,-TX-79934","50986 Desert Calico Ave, El Paso, TX 79934",79934,El Paso,31.954469,-106.413214,Single Family,3,1.5,1687,5663,2026,29,Active,329950,195.58,2026-07-14T00:00:00.000Z,,2026-08-08T08:45:44.099Z,25,,,Elpaso,,,,,,,,,,,,,,2026-08-09
"5394-Cory-Dr,-El-Paso,-TX-79932","5394 Cory Dr, El Paso, TX 79932",79932,El Paso,31.854437,-106.6158,Single Family,4,1,2098,12632,1980,,Active,405000,193.04,2026-07-15T00:00:00.000Z,,2026-08-08T08:45:44.099Z,24,,,Elpaso,,,,,,,,,,,,,,2026-08-09
"3132-Hickman-St,-El-Paso,-TX-79936","3132 Hickman St, El Paso, TX 79936",79936,El Paso,31.785649,-106.310791,Single Family,3,2,1814,7841,1986,,Active,292478,161.23,2026-07-14T00:00:00.000Z,,2026-08-08T08:45:44.098Z,25,,,NTREIS,,,,,,,,,,,,,,2026-08-09
"7029-Copper-Town-Dr,-El-Paso,-TX-79934","7029 Copper Town Dr, El Paso, TX 79934",79934,El Paso,31.960611,-106.372376,Single Family,3,2.5,1447,4792,2012,,Active,245000,169.32,2026-07-15T00:00:00.000Z,,2026-08-08T08:45:44.097Z,24,,,Elpaso,,,,,,,,,,,,,,2026-08-09
"50994-Desert-Calico-Ave,-El-Paso,-TX-79934","50994 Desert Calico Ave, El Paso, TX 79934",79934,El Paso,31.954469,-106.413214,Single Family,3,1.5,1697,6098,2026,29,Active,329950,194.43,2026-07-14T00:00:00.000Z,,2026-08-08T08:45:44.096Z,25,,,Elpaso,,,,,,,,,,,,,,2026-08-09
"11337-Ardelle-Ave,-El-Paso,-TX-79936","11337 Ardelle Ave, El Paso, TX 79936",79936,El Paso,31.788764,-106.299434,Single Family,4,2.5,4320,10890,2024,,Active,799000,184.95,2026-07-16T00:00:00.000Z,,2026-08-08T08:27:16.679Z,23,,,Elpaso,,,,,,,,,,,,,,2026-08-09
"12410-Amesbury-Ave,-El-Paso,-TX-79928","12410 Amesbury Ave, El Paso, TX 79928",79928,El Paso,31.745257,-106.260969,Single Family,4,3.5,2620,5227,2026,,Active,421950,161.05,2026-07-16T00:00:00.000Z,,2026-08-08T08:27:16.678Z,23,,,Elpaso,,,,,,,,,,,,,,2026-08-09
"12360-Stansbury-Dr,-El-Paso,-TX-79928","12360 Stansbury Dr, El Paso, TX 79928",79928,El Paso,31.710897,-106.256769,Single Family,4,1,2362,6534,2017,,Active,389500,164.9,2026-07-16T00:00:00.000Z,,2026-08-08T08:27:16.677Z,23,,,Elpaso,,,,,,,,,,,,,,2026-08-09
"11531-Meadowbrook-Dr,-El-Paso,-TX-79936","11531 Meadowbrook Dr, El Paso, TX 79936",79936,El Paso,31.753444,-106.298549,Single Family,3,2,1350,6534,1980,,Active,235000,174.07,2026-07-15T00:00:00.000Z,,2026-08-08T08:27:16.675Z,24,,,Elpaso,,,,,,,,,,,,,,2026-08-09
"12064-Castle-Keep-Cir,-El-Paso,-TX-79936","12064 Castle Keep Cir, El Paso, TX 79936",79936,El Paso,31.778922,-106.276021,Single Family,4,2,1553,4792,1997,,Active,248900,160.27,2026-07-15T00:00:00.000Z,,2026-08-08T08:27:16.674Z,24,,,Elpaso,,,,,,,,,,,,,,2026-08-09
"3877-Object-Pl,-El-Paso,-TX-79938","3877 Object Pl, El Paso, TX 79938",79938,El Paso,31.809078,-106.187828,Single Family,3,2,1575,6098,2026,,Active,309500,196.51,2026-07-15T00:00:00.000Z,,2026-08-08T08:27:16.673Z,24,,,Elpaso,,,,,,,,,,,,,,2026-08-09
"6756-Gato-Rd,-El-Paso,-TX-79932","6756 Gato Rd, El Paso, TX 79932",79932,El Paso,31.903718,-106.638737,Single Family,3,3.5,2661,81893,1985,,Active,799000,300.26,2026-07-15T00:00:00.000Z,,2026-08-08T08:27:16.672Z,24,,,Elpaso,,,,,,,,,,,,,,2026-08-09
"14917-Tierra-Isaiah-Ave,-El-Paso,-TX-79938","14917 Tierra Isaiah Ave, El Paso, TX 79938",79938,El Paso,31.782998,-106.201533,Single Family,4,2,1685,5663,2021,,Active,278000,164.99,2026-07-15T00:00:00.000Z,,2026-08-08T08:27:16.671Z,24,,,Elpaso,,,,,,,,,,,,,,2026-08-09
"15301-Conviction-Ave,-El-Paso,-TX-79938","15301 Conviction Ave, El Paso, TX 79938",79938,El Paso,31.812334,-106.191779,Single Family,5,3.5,2348,6098,2026,,Active,384950,163.95,2026-07-15T00:00:00.000Z,,2026-08-08T08:27:16.671Z,24,,,Elpaso,,,,,,,,,,,,,,2026-08-09
"50990-Purple-Mat-Ave,-El-Paso,-TX-79934","50990 Purple Mat Ave, El Paso, TX 79934",79934,El Paso,31.953742,-106.413197,Single Family,4,1.5,1707,7841,2026,29,Active,329950,193.29,2026-07-15T00:00:00.000Z,,2026-08-08T08:27:16.670Z,24,,,Elpaso,,,,,,,,,,,,,,2026-08-09
"50997-Purple-Mat-Ave,-El-Paso,-TX-79934","50997 Purple Mat Ave, El Paso, TX 79934",79934,El Paso,31.954153,-106.413205,Single Family,4,1.5,1707,7841,2026,29,Active,329950,193.29,2026-07-15T00:00:00.000Z,,2026-08-08T08:27:16.669Z,24,,,Elpaso,,,,,,,,,,,,,,2026-08-09
"11812-Jenwood-Pl,-El-Paso,-TX-79934","11812 Jenwood Pl, El Paso, TX 79934",79934,El Paso,31.954812,-106.414448,Single Family,4,1.5,1707,7841,2026,29,Active,332950,195.05,2026-07-15T00:00:00.000Z,,2026-08-08T08:27:16.669Z,24,,,Elpaso,,,,,,,,,,,,,,2026-08-09
"50970-Purple-Mat-Ave,-El-Paso,-TX-79934","50970 Purple Mat Ave, El Paso, TX 79934",79934,El Paso,31.953742,-106.413197,Single Family,3,1.5,1719,7841,2026,29,Active,329950,191.94,2026-07-15T00:00:00.000Z,,2026-08-08T08:27:16.668Z,24,,,Elpaso,,,,,,,,,,,,,,2026-08-09
"50998-Desert-Calico-Ave,-El-Paso,-TX-79934","50998 Desert Calico Ave, El Paso, TX 79934",79934,El Paso,31.954469,-106.413214,Single Family,3,1.5,1719,7841,2026,29,Active,329950,191.94,2026-07-15T00:00:00.000Z,,2026-08-08T08:27:16.667Z,24,,,Elpaso,,,,,,,,,,,,,,2026-08-09
"1754-Sidesaddle-Dr,-El-Paso,-TX-79911","1754 Sidesaddle Dr, El Paso, TX 79911",79911,El Paso,31.892914,-106.569284,Single Family,4,3,2118,9583,2019,21,Active,504000,237.96,2026-07-15T00:00:00.000Z,,2026-08-08T08:27:16.666Z,24,,,Elpaso,,,,,,,,,,,,,,2026-08-09
"50993-Purple-Mat-Ave,-El-Paso,-TX-79934","50993 Purple Mat Ave, El Paso, TX 79934",79934,El Paso,31.954153,-106.413205,Single Family,3,1.5,1719,7841,2026,29,Active,329950,191.94,2026-07-15T00:00:00.000Z,,2026-08-08T08:27:16.666Z,24,,,Elpaso,,,,,,,,,,,,,,2026-08-09
"5904-Brazos-Ave,-El-Paso,-TX-79905","5904 Brazos Ave, El Paso, TX 79905",79905,El Paso,31.759404,-106.417008,Single Family,4,1,1344,7405,1955,,Active,189950,141.33,2026-07-15T00:00:00.000Z,,2026-08-08T08:27:16.664Z,24,,,Elpaso,,,,,,,,,,,,,,2026-08-09
"2309-Enchanted-Quail-Pl,-El-Paso,-TX-79911","2309 Enchanted Quail Pl, El Paso, TX 79911",79911,El Paso,31.923099,-106.578967,Single Family,5,3.5,3307,6970,2023,,Active,525000,158.75,2026-07-15T00:00:00.000Z,,2026-08-08T08:27:16.663Z,24,,,Elpaso,,,,,,,,,,,,,,2026-08-09
"935-Via-Linda-Ct,-El-Paso,-TX-79912","935 Via Linda Ct, El Paso, TX 79912",79912,El Paso,31.864659,-106.521113,Single Family,6,4,3570,7405,2005,,Active,609000,170.59,2026-07-15T00:00:00.000Z,,2026-08-08T08:27:16.662Z,24,,,Elpaso,,,,,,,,,,,,,,2026-08-09
"1336-Sunny-Sky-Pl,-El-Paso,-TX-79928","1336 Sunny Sky Pl, El Paso, TX 79928",79928,El Paso,31.731531,-106.254378,Single Family,4,4,2868,5227,2012,,Active,309000,107.74,2026-07-15T00:00:00.000Z,,2026-08-08T08:27:16.660Z,24,,,Elpaso,,,,,,,,,,,,,,2026-08-09
"5733-Arrowhead-Dr,-El-Paso,-TX-79924","5733 Arrowhead Dr, El Paso, TX 79924",79924,El Paso,31.909552,-106.408377,Single Family,3,1.5,1092,6534,1959,,Active,179000,163.92,2026-07-15T00:00:00.000Z,,2026-08-08T08:27:16.659Z,24,,,Elpaso,,,,,,,,,,,,,,2026-08-09
"9848-Bomarc-St,-El-Paso,-TX-79924","9848 Bomarc St, El Paso, TX 79924",79924,El Paso,31.894242,-106.4014,Single Family,3,1,903,6970,1963,,Active,179000,198.23,2026-07-15T00:00:00.000Z,,2026-08-08T08:27:16.658Z,24,,,Elpaso,,,,,,,,,,,,,,2026-08-09
"929-Aqueduct-Ave,-El-Paso,-TX-79932","929 Aqueduct Ave, El Paso, TX 79932",79932,El Paso,31.86948,-106.62304,Single Family,3,3,1741,5663,2026,100,Active,349950,201.01,2026-07-15T00:00:00.000Z,,2026-08-08T08:27:16.657Z,24,,,Elpaso,,,,,,,,,,,,,,2026-08-09
"2028-Gus-Moran-St,-El-Paso,-TX-79936","2028 Gus Moran St, El Paso, TX 79936",79936,El Paso,31.771043,-106.291527,Single Family,3,1.5,2350,8276,1989,,Active,395000,168.09,2026-07-15T00:00:00.000Z,,2026-08-08T08:27:16.656Z,24,,,Elpaso,,,,,,,,,,,,,,2026-08-09
"3657-Sammy-Reece-Pl,-El-Paso,-TX-79938","3657 Sammy Reece Pl, El Paso, TX 79938",79938,El Paso,31.797722,-106.25466,Single Family,4,2.5,2181,6098,2005,,Active,294950,135.24,2026-07-15T00:00:00.000Z,,2026-08-08T08:27:16.655Z,24,,,Elpaso,,,,,,,,,,,,,,2026-08-09
"14745-Cactus-Breeze-Way,-El-Paso,-TX-79928","14745 Cactus Breeze Way, El Paso, TX 79928",79928,El Paso,31.7170121,-106.2006986,Single Family,4,2.5,2048,,,,Active,312620,152.65,2026-07-16T00:00:00.000Z,,2026-08-08T08:27:16.654Z,23,View Homes - El Paso,Desert Breeze,,,,,,,,,,,,,,,2026-08-09
"3124-Randall-Joseph-St,-El-Paso,-TX-79938","3124 Randall Joseph St, El Paso, TX 79938",79938,El Paso,31.823345,-106.2422,Single Family,3,2,2000,5227,2018,,Active,279900,139.95,2026-07-16T00:00:00.000Z,,2026-08-08T08:27:16.652Z,23,,,Elpaso,,,,,,,,,,,,,,2026-08-09
"1281-Desert-Night-St,-El-Paso,-TX-79912","1281 Desert Night St, El Paso, TX 79912",79912,El Paso,31.875416,-106.522651,Single Family,4,1,3270,6970,2025,,Active,1099000,336.09,2026-07-16T00:00:00.000Z,,2026-08-08T08:27:16.651Z,23,,,Elpaso,,,,,,,,,,,,,,2026-08-09
"508-Delancey-St,-El-Paso,-TX-79938","508 Delancey St, El Paso, TX 79938",79938,El Paso,31.823848,-106.24371,Single Family,5,2.5,2726,17424,2017,,Active,370000,135.73,2026-07-16T00:00:00.000Z,,2026-08-08T08:27:16.650Z,23,,,Elpaso,,,,,,,,,,,,,,2026-08-09
"466-Southshore-Pl,-El-Paso,-TX-79928","466 Southshore Pl, El Paso, TX 79928",79928,El Paso,31.696084,-106.229915,Single Family,3,2,1744,6098,2009,,Active,259900,149.03,2026-07-16T00:00:00.000Z,,2026-08-08T08:27:16.650Z,23,,,Elpaso,,,,,,,,,,,,,,2026-08-09
"7250-Longspur-Dr,-El-Paso,-TX-79911","7250 Longspur Dr, El Paso, TX 79911",79911,El Paso,31.880461,-106.554885,Single Family,4,3.5,3011,11326,2013,21,Active,579000,192.29,2026-07-16T00:00:00.000Z,,2026-08-08T08:27:16.649Z,23,,,Elpaso,,,,,,,,,,,,,,2026-08-09
"5609-Salem-Dr,-El-Paso,-TX-79924","5609 Salem Dr, El Paso, TX 79924",79924,El Paso,31.917628,-106.411328,Single Family,4,2,1576,6970,1968,,Active,229000,145.3,2026-07-16T00:00:00.000Z,,2026-08-08T08:27:16.648Z,23,,,Elpaso,,,,,,,,,,,,,,2026-08-09
"504-Cotton-Blossom-Ave,-El-Paso,-TX-79922","504 Cotton Blossom Ave, El Paso, TX 79922",79922,El Paso,31.828112,-106.582381,Single Family,6,1.5,3360,14375,2018,150,Active,985000,293.15,2026-07-16T00:00:00.000Z,,2026-08-08T08:27:16.647Z,23,,,Elpaso,,,,,,,,,,,,,,2026-08-09
"12330-Thren-Ave,-El-Paso,-TX-79928","12330 Thren Ave, El Paso, TX 79928",79928,El Paso,31.690112,-106.254237,Single Family,3,2,1724,5663,2014,,Active,260000,150.81,2026-07-16T00:00:00.000Z,,2026-08-08T08:27:16.646Z,23,,,Elpaso,,,,,,,,,,,,,,2026-08-09
"10481-Canyon-Sage-Dr,-El-Paso,-TX-79924","10481 Canyon Sage Dr, El Paso, TX 79924",79924,El Paso,31.920136,-106.380236,Single Family,3,2.5,1426,5227,2008,,Active,214900,150.7,2026-07-16T00:00:00.000Z,,2026-08-08T08:27:16.646Z,23,,,Elpaso,,,,,,,,,,,,,,2026-08-09
"14480-Van-Fleet-Rd,-El-Paso,-TX-79938","14480 Van Fleet Rd, El Paso, TX 79938",79938,El Paso,31.856193,-106.179933,Single Family,2,1,1576,21780,1987,,Active,185000,117.39,2026-07-16T00:00:00.000Z,,2026-08-08T08:27:16.645Z,23,,,Elpaso,,,,,,,,,,,,,,2026-08-09
"5464-Stonehill-Dr,-El-Paso,-TX-79934","5464 Stonehill Dr, El Paso, TX 79934",79934,El Paso,31.939447,-106.417169,Single Family,4,3.5,2246,5227,2021,,Active,349950,155.81,2026-07-16T00:00:00.000Z,,2026-08-08T08:27:16.644Z,23,,,Elpaso,,,,,,,,,,,,,,2026-08-09
"828-Lemington-St,-El-Paso,-TX-79928","828 Lemington St, El Paso, TX 79928",79928,El Paso,31.70672,-106.216435,Single Family,4,2.5,1946,4356,2018,,Active,299950,154.14,2026-07-16T00:00:00.000Z,,2026-08-08T08:27:16.643Z,23,,,Elpaso,,,,,,,,,,,,,,2026-08-09
"12145-Sanaa-Dr,-El-Paso,-TX-79934","12145 Sanaa Dr, El Paso, TX 79934",79934,El Paso,31.959454,-106.353546,Single Family,4,2,1644,5227,2026,,Active,299950,182.45,2026-07-16T00:00:00.000Z,,2026-08-08T08:27:16.636Z,23,,,Elpaso,,,,,,,,,,,,,,2026-08-09
"11725-Pueblo-Chico-Ct,-El-Paso,-TX-79936","11725 Pueblo Chico Ct, El Paso, TX 79936",79936,El Paso,31.766955,-106.28326,Single Family,4,2.5,2577,7841,2000,,Active,410500,159.29,2026-07-16T00:00:00.000Z,,2026-08-08T08:27:16.635Z,23,,,Elpaso,,,,,,,,,,,,,,2026-08-09
"7505-Eagle-Vista-Dr,-El-Paso,-TX-79911","7505 Eagle Vista Dr, El Paso, TX 79911",79911,El Paso,31.915673,-106.569636,Single Family,4,1,1698,5227,2016,,Active,330000,194.35,2026-07-16T00:00:00.000Z,,2026-08-08T08:27:16.634Z,23,,,Elpaso,,,,,,,,,,,,,,2026-08-09
"6700-Escondido-Dr,-Apt-E9,-El-Paso,-TX-79912","6700 Escondido Dr, Apt E9, El Paso, TX 79912",79912,El Paso,31.843493,-106.54126,Condo,1,1,724,104980,1970,200,Active,149950,207.11,2026-07-16T00:00:00.000Z,,2026-08-08T08:27:16.633Z,23,,,Elpaso,,,,,,,,,,,,,,2026-08-09
"4716-Kiko-A-Fierro-Dr,-El-Paso,-TX-79938","4716 Kiko A Fierro Dr, El Paso, TX 79938",79938,El Paso,31.81803,-106.249375,Single Family,4,2,1324,4356,2012,,Active,235000,177.49,2026-07-16T00:00:00.000Z,,2026-08-08T08:27:16.632Z,23,,,Elpaso,,,,,,,,,,,,,,2026-08-09
"233-Rancho-Viejo-Dr,-El-Paso,-TX-79927","233 Rancho Viejo Dr, El Paso, TX 79927",79927,El Paso,31.616062,-106.247717,Single Family,4,3.5,2857,46609,2026,,Active,720950,252.35,2026-07-16T00:00:00.000Z,,2026-08-08T08:27:16.624Z,23,,,Elpaso,,,,,,,,,,,,,,2026-08-09
"12404-Paseo-Largo-Cir,-El-Paso,-TX-79928","12404 Paseo Largo Cir, El Paso, TX 79928",79928,El Paso,31.739247,-106.262938,Single Family,5,2.5,3419,8276,2003,,Active,378950,110.84,2026-07-16T00:00:00.000Z,,2026-08-08T08:27:16.617Z,23,,,Elpaso,,,,,,,,,,,,,,2026-08-09
"6120-Oleaster-Dr,-El-Paso,-TX-79932","6120 Oleaster Dr, El Paso, TX 79932",79932,El Paso,31.876294,-106.598617,Single Family,0,1,,21780,2026,,Active,564950,,2026-07-16T00:00:00.000Z,,2026-08-08T08:27:16.615Z,23,,,Elpaso,,,,,,,,,,,,,,2026-08-09
"3110-Altura-Ave,-El-Paso,-TX-79930","3110 Altura Ave, El Paso, TX 79930",79930,El Paso,31.796446,-106.45779,Single Family,3,1,1427,6098,1940,,Active,260000,182.2,2026-07-16T00:00:00.000Z,,2026-08-08T08:27:16.615Z,23,,,Elpaso,,,,,,,,,,,,,,2026-08-09
"14252-Star-Cactus,-El-Paso,-TX-79928","14252 Star Cactus, El Paso, TX 79928",79928,El Paso,31.6518439,-106.1900736,Single Family,3,2,1376,,,,Active,242400,176.16,2026-07-17T00:00:00.000Z,,2026-08-08T08:27:16.614Z,22,View Homes - El Paso,Rancho Desierto Bello,,,,,,,,,,,,,,,2026-08-09
"7154-Seco-Palm-St,-El-Paso,-TX-79912","7154 Seco Palm St, El Paso, TX 79912",79912,El Paso,31.859832,-106.54728,Single Family,3,2,2088,6098,1999,60,Active,365000,174.81,2026-07-16T00:00:00.000Z,,2026-08-08T08:27:16.613Z,23,,,Elpaso,,,,,,,,,,,,,,2026-08-09
"3118-E-Yandell-Dr,-El-Paso,-TX-79903","3118 E Yandell Dr, El Paso, TX 79903",79903,El Paso,31.781419,-106.457591,Single Family,4,2,2485,6970,1916,,Active,349999,140.84,2026-07-16T00:00:00.000Z,,2026-08-08T08:27:16.612Z,23,,,Elpaso,,,,,,,,,,,,,,2026-08-09
"15060-Conviction-Ave,-El-Paso,-TX-79938","15060 Conviction Ave, El Paso, TX 79938",79938,El Paso,31.812336,-106.198542,Single Family,3,2,1567,5227,2026,,Active,319950,204.18,2026-07-16T00:00:00.000Z,,2026-08-08T08:27:16.611Z,23,,,Elpaso,,,,,,,,,,,,,,2026-08-09
"1505-Lost-Padre-Mine-Dr,-El-Paso,-TX-79902","1505 Lost Padre Mine Dr, El Paso, TX 79902",79902,El Paso,31.7816,-106.484827,Single Family,5,4.5,3248,13504,1970,,Active,514900,158.53,2026-07-16T00:00:00.000Z,,2026-08-08T08:27:16.610Z,23,,,Elpaso,,,,,,,,,,,,,,2026-08-09
"3019-Fort-Blvd,-El-Paso,-TX-79930","3019 Fort Blvd, El Paso, TX 79930",79930,El Paso,31.806244,-106.458995,Single Family,3,2,1316,6534,1948,,Active,248500,188.83,2026-07-17T00:00:00.000Z,,2026-08-08T08:27:16.610Z,22,,,Elpaso,,,,,,,,,,,,,,2026-08-09
"5452-Santiago-Roque-Dr,-El-Paso,-TX-79934","5452 Santiago Roque Dr, El Paso, TX 79934",79934,El Paso,31.936592,-106.415452,Single Family,4,2,1911,5663,2007,,Active,250000,130.82,2026-07-16T00:00:00.000Z,,2026-08-08T08:27:16.609Z,23,,,Elpaso,,,,,,,,,,,,,,2026-08-09
"12631-Mark-Twain-Ave,-El-Paso,-TX-79928","12631 Mark Twain Ave, El Paso, TX 79928",79928,El Paso,31.683122,-106.25342,Single Family,4,2,1860,5663,2017,,Active,279950,150.51,2026-07-17T00:00:00.000Z,,2026-08-08T08:27:16.608Z,22,,,Elpaso,,,,,,,,,,,,,,2026-08-09
"12862-Hueco-Hill-Dr,-El-Paso,-TX-79938","12862 Hueco Hill Dr, El Paso, TX 79938",79938,El Paso,31.805837,-106.24422,Single Family,3,2,1694,5663,2011,,Active,259900,153.42,2026-07-17T00:00:00.000Z,,2026-08-08T08:27:16.608Z,22,,,Elpaso,,,,,,,,,,,,,,2026-08-09
"17425-Wagon-Wheel-Dr,-El-Paso,-TX-79938","17425 Wagon Wheel Dr, El Paso, TX 79938",79938,El Paso,31.905017,-106.06742,Manufactured,2,1,800,227383,2025,,Active,375000,468.75,2026-07-17T00:00:00.000Z,,2026-08-08T08:27:16.607Z,22,,,Elpaso,,,,,,,,,,,,,,2026-08-09
"7837-Enchanted-Ridge-Dr,-El-Paso,-TX-79911","7837 Enchanted Ridge Dr, El Paso, TX 79911",79911,El Paso,31.918293,-106.578108,Single Family,4,2.5,2812,6534,2019,,Active,508000,180.65,2026-07-17T00:00:00.000Z,,2026-08-08T08:27:16.599Z,22,,,Elpaso,,,,,,,,,,,,,,2026-08-09
"1988-Paseo-Colina-Pl,-El-Paso,-TX-79936","1988 Paseo Colina Pl, El Paso, TX 79936",79936,El Paso,31.769082,-106.272915,Single Family,4,2,4344,28314,1994,,Active,785000,180.71,2026-07-17T00:00:00.000Z,,2026-08-08T08:27:16.596Z,22,,,Elpaso,,,,,,,,,,,,,,2026-08-09
"5325-Big-Horn-Ln,-El-Paso,-TX-79924","5325 Big Horn Ln, El Paso, TX 79924",79924,El Paso,31.908653,-106.41922,Single Family,3,1,1084,436,1960,,Active,180000,166.05,2026-07-17T00:00:00.000Z,,2026-08-08T08:27:16.595Z,22,,,Elpaso,,,,,,,,,,,,,,2026-08-09
"5833-Spanish-Pl,-El-Paso,-TX-79932","5833 Spanish Pl, El Paso, TX 79932",79932,El Paso,31.866346,-106.62834,Single Family,3,1.5,1925,10019,2017,,Active,380000,197.4,2026-07-17T00:00:00.000Z,,2026-08-08T08:27:16.594Z,22,,,Elpaso,,,,,,,,,,,,,,2026-08-09
"10709-Quartz-St,-El-Paso,-TX-79924","10709 Quartz St, El Paso, TX 79924",79924,El Paso,31.924853,-106.380252,Single Family,3,2,1048,6098,1983,,Active,140000,133.59,2026-07-17T00:00:00.000Z,,2026-08-08T08:27:16.594Z,22,,,NTREIS,,,,,,,,,,,,,,2026-08-09
"6569-Brisa-Del-Mar-Dr,-El-Paso,-TX-79912","6569 Brisa Del Mar Dr, El Paso, TX 79912",79912,El Paso,31.861358,-106.539205,Single Family,4,2.5,2554,7841,1990,,Active,425000,166.41,2026-07-17T00:00:00.000Z,,2026-08-08T08:27:16.593Z,22,,,Elpaso,,,,,,,,,,,,,,2026-08-09
"1930-Concho-Ct,-El-Paso,-TX-79911","1930 Concho Ct, El Paso, TX 79911",79911,El Paso,31.896711,-106.56572,Single Family,4,2,2795,9583,2026,25,Active,739842,264.7,2026-07-17T00:00:00.000Z,,2026-08-08T08:27:16.592Z,22,,,Elpaso,,,,,,,,,,,,,,2026-08-09
"6517-La-Posta-Dr,-El-Paso,-TX-79912","6517 La Posta Dr, El Paso, TX 79912",79912,El Paso,31.858198,-106.538395,Land,,,,109771,,,Active,650000,,2026-07-17T00:00:00.000Z,,2026-08-08T08:27:16.591Z,22,,,Elpaso,,,,,,,,,,,,,,2026-08-09
"13281-Walker-Post-Ave,-El-Paso,-TX-79928","13281 Walker Post Ave, El Paso, TX 79928",79928,El Paso,31.697032,-106.22917,Single Family,3,2,1656,5227,2010,,Active,270000,163.04,2026-07-18T00:00:00.000Z,,2026-08-08T08:27:16.590Z,21,,,Elpaso,,,,,,,,,,,,,,2026-08-09
"11050-Golden-Pond-Dr,-El-Paso,-TX-79934","11050 Golden Pond Dr, El Paso, TX 79934",79934,El Paso,31.931516,-106.403831,Single Family,3,2,1548,5663,1995,,Active,235000,151.81,2026-07-17T00:00:00.000Z,,2026-08-08T08:27:16.589Z,22,,,Elpaso,,,,,,,,,,,,,,2026-08-09
"9224-Reno-Ct,-El-Paso,-TX-79907","9224 Reno Ct, El Paso, TX 79907",79907,El Paso,31.683157,-106.325108,Single Family,2,1,1334,5663,1965,,Active,135950,101.91,2026-07-17T00:00:00.000Z,,2026-08-08T08:27:16.588Z,22,,,Elpaso,,,,,,,,,,,,,,2026-08-09
"7349-Enchanted-Point-Dr,-El-Paso,-TX-79911","7349 Enchanted Point Dr, El Paso, TX 79911",79911,El Paso,31.922764,-106.567285,Single Family,4,2.5,2198,8276,2023,50,Active,549000,249.77,2026-07-17T00:00:00.000Z,,2026-08-08T08:27:16.587Z,22,,,Elpaso,,,,,,,,,,,,,,2026-08-09
"15540-Salt-Bush-Dr,-El-Paso,-TX-79938","15540 Salt Bush Dr, El Paso, TX 79938",79938,El Paso,31.871976,-106.134575,Single Family,4,2,3464,86684,1985,,Inactive,269950,77.93,2026-06-11T00:00:00.000Z,2026-08-06T00:00:00.000Z,2026-08-05T10:03:25.784Z,55,,,Elpaso,,,,,,,,,,,,,,2026-08-09
"11892-Mesquite-Miel-Dr,-El-Paso,-TX-79934","11892 Mesquite Miel Dr, El Paso, TX 79934",79934,El Paso,31.953742,-106.367466,Single Family,3,2.5,1586,5663,2008,,Inactive,221000,139.34,2026-06-16T00:00:00.000Z,2026-08-06T00:00:00.000Z,2026-08-05T10:03:25.684Z,50,,,Elpaso,,,,,,,,,,,,,,2026-08-09
"12501-Wendy-Reed-Dr,-El-Paso,-TX-79928","12501 Wendy Reed Dr, El Paso, TX 79928",79928,El Paso,31.757515,-106.256314,Single Family,4,2,1258,4792,2001,,Inactive,229500,182.43,2026-06-19T00:00:00.000Z,2026-08-06T00:00:00.000Z,2026-08-05T10:03:22.242Z,47,,,Elpaso,,,,,,,,,,,,,,2026-08-09
"7365-Mesquite-Flor-Dr,-El-Paso,-TX-79934","7365 Mesquite Flor Dr, El Paso, TX 79934",79934,El Paso,31.956903,-106.36382,Single Family,3,2,1090,4792,2007,,Inactive,200000,183.49,2026-06-27T00:00:00.000Z,2026-08-06T00:00:00.000Z,2026-08-05T09:54:19.920Z,39,,,Elpaso,,,,,,,,,,,,,,2026-08-09
"3220-Isla-Morada-Dr,-El-Paso,-TX-79925","3220 Isla Morada Dr, El Paso, TX 79925",79925,El Paso,31.787668,-106.335389,Townhouse,2,2,1321,3485,1980,72,Inactive,173000,130.96,2026-07-03T00:00:00.000Z,2026-08-06T00:00:00.000Z,2026-08-05T09:54:19.755Z,33,,,Elpaso,,,,,,,,,,,,,,2026-08-09
"1511-N-Virginia-St,-El-Paso,-TX-79902","1511 N Virginia St, El Paso, TX 79902",79902,El Paso,31.771755,-106.490949,Single Family,3,3,1669,4356,1921,,Inactive,320000,191.73,2026-07-10T00:00:00.000Z,2026-08-06T00:00:00.000Z,2026-08-05T09:54:18.092Z,26,,,Elpaso,,,,,,,,,,,,,,2026-08-09
"1816-Kelsey-Davis-Ave,-El-Paso,-TX-79928","1816 Kelsey Davis Ave, El Paso, TX 79928",79928,El Paso,31.744625,-106.248244,Single Family,4,2.5,1998,5663,2027,,Inactive,344950,172.65,2026-07-10T00:00:00.000Z,2026-08-06T00:00:00.000Z,2026-08-05T09:45:38.825Z,26,,,Elpaso,,,,,,,,,,,,,,2026-08-09
"7096-Luz-De-Espejo-Dr,-El-Paso,-TX-79912","7096 Luz De Espejo Dr, El Paso, TX 79912",79912,El Paso,31.874669,-106.55579,Single Family,3,2,1559,5663,2001,,Inactive,269900,173.12,2026-07-11T00:00:00.000Z,2026-08-06T00:00:00.000Z,2026-08-05T09:45:38.810Z,25,,,Elpaso,,,,,,,,,,,,,,2026-08-09
"7833-Mustang-Ave,-El-Paso,-TX-79915","7833 Mustang Ave, El Paso, TX 79915",79915,El Paso,31.753172,-106.352205,Single Family,3,1,950,6098,1953,,Inactive,155000,163.16,2026-07-16T00:00:00.000Z,2026-08-06T00:00:00.000Z,2026-08-05T09:45:38.733Z,20,,,Elpaso,,,,,,,,,,,,,,2026-08-09
"6520-Calle-Bonita-Ln,-El-Paso,-TX-79912","6520 Calle Bonita Ln, El Paso, TX 79912",79912,El Paso,31.863387,-106.535835,Single Family,4,3.5,3740,20909,1999,20,Inactive,677000,181.02,2026-07-22T00:00:00.000Z,2026-08-06T00:00:00.000Z,2026-08-05T07:05:02.416Z,14,,,Elpaso,,,,,,,,,,,,,,2026-08-09
"128-Manor-Pl,-El-Paso,-TX-79915","128 Manor Pl, El Paso, TX 79915",79915,El Paso,31.745642,-106.386596,Single Family,3,2,1779,7405,1958,,Inactive,115000,64.64,2026-07-23T00:00:00.000Z,2026-08-06T00:00:00.000Z,2026-08-05T07:05:02.389Z,13,,,Elpaso,,,,,,,,,,,,,,2026-08-09
"10365-Kellogg-St,-El-Paso,-TX-79924","10365 Kellogg St, El Paso, TX 79924",79924,El Paso,31.912279,-106.430779,Single Family,4,2,2457,7841,1969,,Inactive,269000,109.48,2026-07-24T00:00:00.000Z,2026-08-06T00:00:00.000Z,2026-08-05T07:05:02.378Z,12,,,Elpaso,,,,,,,,,,,,,,2026-08-09
"6308-Wildwood-Ct,-El-Paso,-TX-79912","6308 Wildwood Ct, El Paso, TX 79912",79912,El Paso,31.841165,-106.532628,Single Family,4,1,2714,10019,1969,,Inactive,425000,156.6,2026-07-27T00:00:00.000Z,2026-08-06T00:00:00.000Z,2026-08-05T07:05:02.288Z,9,,,Elpaso,,,,,,,,,,,,,,2026-08-09
"828-Fairford-Pl,-El-Paso,-TX-79928","828 Fairford Pl, El Paso, TX 79928",79928,El Paso,31.709466,-106.245331,Single Family,4,3,1977,6098,2026,,Inactive,375950,190.16,2026-07-28T00:00:00.000Z,2026-08-06T00:00:00.000Z,2026-08-05T06:02:36.364Z,8,,,Elpaso,,,,,,,,,,,,,,2026-08-09
"6313-Franklin-Ridge-Dr,-El-Paso,-TX-79912","6313 Franklin Ridge Dr, El Paso, TX 79912",79912,El Paso,31.876482,-106.531452,Single Family,4,2,1909,5663,2003,,Inactive,350000,183.34,2026-07-28T00:00:00.000Z,2026-08-06T00:00:00.000Z,2026-08-05T06:02:36.352Z,8,,,Elpaso,,,,,,,,,,,,,,2026-08-09
"4136-Perth-Dr,-El-Paso,-TX-79922","4136 Perth Dr, El Paso, TX 79922",79922,El Paso,31.816658,-106.57186,Single Family,3,1,1811,10890,1964,,Inactive,239500,132.25,2026-07-29T00:00:00.000Z,2026-08-06T00:00:00.000Z,2026-08-05T06:02:36.316Z,7,,,Elpaso,,,,,,,,,,,,,,2026-08-09
"5910-Arbol-Pl,-El-Paso,-TX-79932","5910 Arbol Pl, El Paso, TX 79932",79932,El Paso,31.874462,-106.616476,Single Family,5,3,2933,16117,2010,120,Inactive,709000,241.73,2026-07-30T00:00:00.000Z,2026-08-06T00:00:00.000Z,2026-08-05T06:02:36.299Z,6,,,Elpaso,,,,,,,,,,,,,,2026-08-09
"5500-Fairbanks-Dr,-El-Paso,-TX-79924","5500 Fairbanks Dr, El Paso, TX 79924",79924,El Paso,31.901357,-106.41489,Single Family,4,2,1514,10019,1961,,Inactive,199950,132.07,2026-07-30T00:00:00.000Z,2026-08-06T00:00:00.000Z,2026-08-05T06:02:36.297Z,6,,,Elpaso,,,,,,,,,,,,,,2026-08-09
"11847-David-Forti-Dr,-El-Paso,-TX-79936","11847 David Forti Dr, El Paso, TX 79936",79936,El Paso,31.787739,-106.279298,Single Family,3,2.5,1762,5663,1997,,Inactive,265000,150.4,2026-08-01T00:00:00.000Z,2026-08-06T00:00:00.000Z,2026-08-05T05:41:00.154Z,4,,,Elpaso,,,,,,,,,,,,,,2026-08-09
"10612-Hidden-Arch-Pl,-El-Paso,-TX-79924","10612 Hidden Arch Pl, El Paso, TX 79924",79924,El Paso,31.921316,-106.395635,Single Family,4,1.5,2374,4792,2022,,Inactive,315000,132.69,2026-08-03T00:00:00.000Z,2026-08-06T00:00:00.000Z,2026-08-05T05:41:00.094Z,2,,,Elpaso,,,,,,,,,,,,,,2026-08-09
"10613-Springwood-Dr,-Apt-A,-El-Paso,-TX-79935","10613 Springwood Dr, Apt A, El Paso, TX 79935",79935,El Paso,31.764023,-106.338486,Multi-Family,3,2,1200,3485,1979,,Inactive,192000,160.0,2026-08-04T00:00:00.000Z,2026-08-06T00:00:00.000Z,2026-08-05T05:41:00.074Z,1,,,Elpaso,,,,,,,,,,,,,,2026-08-09
"1125-Asherton-Pl,-El-Paso,-TX-79928","1125 Asherton Pl, El Paso, TX 79928",79928,El Paso,31.724458,-106.245632,Single Family,3,2,2023,5663,2015,,Inactive,288999,142.86,2026-06-11T00:00:00.000Z,2026-08-05T00:00:00.000Z,2026-08-04T10:26:20.830Z,54,,,Elpaso,,,,,,,,,,,,,,2026-08-09
"4424-Thrush-Way,-El-Paso,-TX-79922","4424 Thrush Way, El Paso, TX 79922",79922,El Paso,31.824109,-106.573043,Single Family,3,2,1772,10019,1958,,Inactive,275000,155.19,2026-06-12T00:00:00.000Z,2026-08-05T00:00:00.000Z,2026-08-04T10:26:20.823Z,53,,,Elpaso,,,,,,,,,,,,,,2026-08-09
"241-Lone-Star-Pl,-El-Paso,-TX-79907","241 Lone Star Pl, El Paso, TX 79907",79907,El Paso,31.688392,-106.330096,Single Family,2,3,1070,4792,1951,,Inactive,75000,70.09,2026-06-17T00:00:00.000Z,2026-08-05T00:00:00.000Z,2026-08-04T10:26:20.519Z,48,,,Elpaso,,,,,,,,,,,,,,2026-08-09
"4507-Arlen-Ave,-El-Paso,-TX-79904","4507 Arlen Ave, El Paso, TX 79904",79904,El Paso,31.862873,-106.437163,Single Family,4,2,1469,6098,1967,,Inactive,160000,108.92,2026-06-19T00:00:00.000Z,2026-08-05T00:00:00.000Z,2026-08-04T10:26:17.361Z,46,,,Elpaso,,,,,,,,,,,,,,2026-08-09
"7300-Sachet-Cliff-Dr,-El-Paso,-TX-79934","7300 Sachet Cliff Dr, El Paso, TX 79934",79934,El Paso,31.950968,-106.370615,Single Family,3,2.5,1618,5663,2010,,Inactive,229000,141.53,2026-06-24T00:00:00.000Z,2026-08-05T00:00:00.000Z,2026-08-04T10:26:17.177Z,41,,,Elpaso,,,,,,,,,,,,,,2026-08-09
"3152-Rustic-Hidden-Dr,-El-Paso,-TX-79938","3152 Rustic Hidden Dr, El Paso, TX 79938",79938,El Paso,31.773492,-106.246418,Single Family,3,2.5,1694,5227,2011,,Inactive,275000,162.34,2026-06-28T00:00:00.000Z,2026-08-05T00:00:00.000Z,2026-08-04T10:19:40.733Z,37,,,Elpaso,,,,,,,,,,,,,,2026-08-09
"15148-Expectation-Ave,-El-Paso,-TX-79938","15148 Expectation Ave, El Paso, TX 79938",79938,El Paso,31.810769,-106.194316,Single Family,3,2,1593,5663,2027,,Inactive,267950,168.2,2026-06-30T00:00:00.000Z,2026-08-05T00:00:00.000Z,2026-08-04T10:19:40.663Z,35,,,Elpaso,,,,,,,,,,,,,,2026-08-09
"12239-Rathmore-Dr,-El-Paso,-TX-79928","12239 Rathmore Dr, El Paso, TX 79928",79928,El Paso,31.708819,-106.260328,Single Family,4,3,3318,13504,2011,,Inactive,549900,165.73,2026-07-03T00:00:00.000Z,2026-08-05T00:00:00.000Z,2026-08-04T10:19:40.613Z,32,,,Elpaso,,,,,,,,,,,,,,2026-08-09
"12813-Cozy-Cove-Ave,-El-Paso,-TX-79938","12813 Cozy Cove Ave, El Paso, TX 79938",79938,El Paso,31.769909,-106.249125,Single Family,3,2,1736,5663,2011,,Inactive,260000,149.77,2026-07-10T00:00:00.000Z,2026-08-05T00:00:00.000Z,2026-08-04T10:12:02.550Z,25,,,Elpaso,,,,,,,,,,,,,,2026-08-09
"PN-245594-Tbd-Scotlandshire-Dr,-El-Paso,-TX-79928","PN-245594 Tbd Scotlandshire Dr, El Paso, TX 79928",79928,El Paso,31.733401,-106.205632,Land,,,,10454,,,Inactive,10000,,2026-07-17T00:00:00.000Z,2026-08-05T00:00:00.000Z,2026-08-04T08:20:30.488Z,18,,,Elpaso,,,,,,,,,,,,,,2026-08-09
"14625-Tierra-Fortaleza-Ave,-El-Paso,-TX-79938","14625 Tierra Fortaleza Ave, El Paso, TX 79938",79938,El Paso,31.772429,-106.209904,Single Family,5,4.5,3160,8712,2026,,Inactive,709490,224.52,2026-07-21T00:00:00.000Z,2026-08-05T00:00:00.000Z,2026-08-04T08:20:30.458Z,14,,,Elpaso,,,,,,,,,,,,,,2026-08-09
"1909-Crow-Dr,-El-Paso,-TX-79935","1909 Crow Dr, El Paso, TX 79935",79935,El Paso,31.768607,-106.335484,Single Family,6,2,2743,13504,1977,,Inactive,355000,129.42,2026-07-22T00:00:00.000Z,2026-08-05T00:00:00.000Z,2026-08-04T08:09:57.277Z,13,,,Elpaso,,,,,,,,,,,,,,2026-08-09
"14313-Star-Cactus-Ave,-El-Paso,-TX-79928","14313 Star Cactus Ave, El Paso, TX 79928",79928,El Paso,31.6518439,-106.1900736,Single Family,3,2,1170,,,,Inactive,228100,194.96,2026-07-23T00:00:00.000Z,2026-08-05T00:00:00.000Z,2026-08-04T08:09:57.276Z,12,View Homes - El Paso,Rancho Desierto Bello,,,,,,,,,,,,,,,2026-08-09
"14248-Star-Cactus,-El-Paso,-TX-79928","14248 Star Cactus, El Paso, TX 79928",79928,El Paso,31.6518439,-106.1900736,Single Family,3,2,1170,,,,Inactive,228100,194.96,2026-07-23T00:00:00.000Z,2026-08-05T00:00:00.000Z,2026-08-04T08:09:57.275Z,12,View Homes - El Paso,Rancho Desierto Bello,,,,,,,,,,,,,,,2026-08-09
"1016-Jan-Ellyn-Ln,-El-Paso,-TX-79912","1016 Jan Ellyn Ln, El Paso, TX 79912",79912,El Paso,31.863788,-106.554905,Single Family,4,1.5,2181,8712,1991,,Inactive,353000,161.85,2026-07-23T00:00:00.000Z,2026-08-05T00:00:00.000Z,2026-08-04T08:09:57.257Z,12,,,Elpaso,,,,,,,,,,,,,,2026-08-09
"PN-320395-Rachel-Dr,-El-Paso,-TX-79927","PN-320395 Rachel Dr, El Paso, TX 79927",79927,El Paso,31.648423,-106.276551,Land,,,,11326,,,Inactive,79900,,2026-07-26T00:00:00.000Z,2026-08-05T00:00:00.000Z,2026-08-04T05:45:55.771Z,9,,,Elpaso,,,,,,,,,,,,,,2026-08-09
"10508-Darin-Rd,-El-Paso,-TX-79925","10508 Darin Rd, El Paso, TX 79925",79925,El Paso,31.791506,-106.335798,Single Family,5,1,1794,7841,1972,,Inactive,179500,100.06,2026-07-27T00:00:00.000Z,2026-08-05T00:00:00.000Z,2026-08-04T05:45:55.736Z,8,,,Elpaso,,,,,,,,,,,,,,2026-08-09
"5105-Branon-St,-El-Paso,-TX-79924","5105 Branon St, El Paso, TX 79924",79924,El Paso,31.888265,-106.422498,Single Family,3,2,1650,6534,1956,,Inactive,214950,130.27,2026-07-28T00:00:00.000Z,2026-08-05T00:00:00.000Z,2026-08-04T05:45:55.721Z,7,,,Elpaso,,,,,,,,,,,,,,2026-08-09
"782-Via-Verde-St,-El-Paso,-TX-79912","782 Via Verde St, El Paso, TX 79912",79912,El Paso,31.856494,-106.520981,Single Family,2,2.5,2029,7841,2002,190,Inactive,370000,182.36,2026-07-30T00:00:00.000Z,2026-08-05T00:00:00.000Z,2026-08-04T05:45:55.666Z,5,,,Elpaso,,,,,,,,,,,,,,2026-08-09
"3825-Pierce-Ave,-El-Paso,-TX-79930","3825 Pierce Ave, El Paso, TX 79930",79930,El Paso,31.818495,-106.446691,Single Family,3,1,1284,6098,1940,,Inactive,211000,164.33,2026-07-31T00:00:00.000Z,2026-08-05T00:00:00.000Z,2026-08-04T05:42:27.495Z,4,,,Elpaso,,,,,,,,,,,,,,2026-08-09
"4820-Blossom-Ave,-El-Paso,-TX-79924","4820 Blossom Ave, El Paso, TX 79924",79924,El Paso,31.904138,-106.431101,Single Family,3,2,1454,7405,1972,,Inactive,197000,135.49,2026-08-01T00:00:00.000Z,2026-08-05T00:00:00.000Z,2026-08-04T05:42:27.443Z,3,,,Elpaso,,,,,,,,,,,,,,2026-08-09
"11059-Dandelion-Way,-El-Paso,-TX-79936","11059 Dandelion Way, El Paso, TX 79936",79936,El Paso,31.799869,-106.315622,Multi-Family,3,2,1112,3920,1999,15,Inactive,139000,125.0,2026-06-16T00:00:00.000Z,2026-08-04T00:00:00.000Z,2026-08-03T09:39:11.077Z,48,,,Elpaso,,,,,,,,,,,,,,2026-08-09
"14901-Bert-Cameron-Ave,-El-Paso,-TX-79938","14901 Bert Cameron Ave, El Paso, TX 79938",79938,El Paso,31.787249,-106.202643,Single Family,3,2,1597,5663,2016,,Inactive,259999,162.8,2026-06-16T00:00:00.000Z,2026-08-04T00:00:00.000Z,2026-08-03T09:39:11.063Z,48,,,Elpaso,,,,,,,,,,,,,,2026-08-09
"12212-Costa-Brava-Pl,-El-Paso,-TX-79938","12212 Costa Brava Pl, El Paso, TX 79938",79938,El Paso,31.769079,-106.264541,Single Family,3,2.5,1305,1742,2014,89,Inactive,225999,173.18,2026-06-18T00:00:00.000Z,2026-08-04T00:00:00.000Z,2026-08-03T09:16:57.676Z,46,,,Elpaso,,,,,,,,,,,,,,2026-08-09
"3840-Bubble-Pl,-El-Paso,-TX-79938","3840 Bubble Pl, El Paso, TX 79938",79938,El Paso,31.807956,-106.189586,Single Family,4,1,2667,6534,2026,,Inactive,337330,126.48,2026-06-21T00:00:00.000Z,2026-08-04T00:00:00.000Z,2026-08-03T09:16:57.616Z,43,,,Elpaso,,,,,,,,,,,,,,2026-08-09
"6413-Pino-Real-Dr,-El-Paso,-TX-79912","6413 Pino Real Dr, El Paso, TX 79912",79912,El Paso,31.845043,-106.534973,Single Family,5,3,2532,10019,1971,,Inactive,410000,161.93,2026-06-23T00:00:00.000Z,2026-08-04T00:00:00.000Z,2026-08-03T09:16:57.593Z,41,,,Elpaso,,,,,,,,,,,,,,2026-08-09
"532-Via,-De-Los-Arboles,-El-Paso,-TX-79932","532 Via, De Los Arboles, El Paso, TX 79932",79932,El Paso,31.873632,-106.614922,Single Family,4,3,2692,9583,2009,120,Inactive,474900,176.41,2026-07-07T00:00:00.000Z,2026-08-04T00:00:00.000Z,2026-08-03T08:26:36.073Z,27,,,Elpaso,,,,,,,,,,,,,,2026-08-09
"400-Perth-Ct,-El-Paso,-TX-79922","400 Perth Ct, El Paso, TX 79922",79922,El Paso,31.81717,-106.571606,Single Family,4,3,1961,10019,1960,,Inactive,315000,160.63,2026-07-08T00:00:00.000Z,2026-08-04T00:00:00.000Z,2026-08-03T08:26:36.042Z,26,,,Elpaso,,,,,,,,,,,,,,2026-08-09
"3921-Desert-Dunes-Dr,-El-Paso,-TX-79938","3921 Desert Dunes Dr, El Paso, TX 79938",79938,El Paso,31.814692,-106.261992,Single Family,3,2.5,2308,5227,2019,,Inactive,302499,131.07,2026-07-15T00:00:00.000Z,2026-08-04T00:00:00.000Z,2026-08-03T07:46:53.483Z,19,,,Elpaso,,,,,,,,,,,,,,2026-08-09
"2645-Partisan-Rock-Ln,-El-Paso,-TX-79938","2645 Partisan Rock Ln, El Paso, TX 79938",79938,El Paso,31.778091,-106.232488,Single Family,3,2,1336,5227,2010,,Inactive,225000,168.41,2026-07-16T00:00:00.000Z,2026-08-04T00:00:00.000Z,2026-08-03T07:46:53.421Z,18,,,Elpaso,,,,,,,,,,,,,,2026-08-09
"316-Rio-Pinsaqui-Ct,-El-Paso,-TX-79932","316 Rio Pinsaqui Ct, El Paso, TX 79932",79932,El Paso,31.903871,-106.604336,Single Family,4,1,2937,11326,2021,,Inactive,629000,214.16,2026-07-17T00:00:00.000Z,2026-08-04T00:00:00.000Z,2026-08-03T07:46:53.400Z,17,,,Elpaso,,,,,,,,,,,,,,2026-08-09
"14001-Desert-Willow-Dr,-El-Paso,-TX-79938","14001 Desert Willow Dr, El Paso, TX 79938",79938,El Paso,31.874711,-106.19572,Single Family,5,1,2803,235224,2007,,Inactive,549000,195.86,2026-07-21T00:00:00.000Z,2026-08-04T00:00:00.000Z,2026-08-03T07:34:40.385Z,13,,,Elpaso,,,,,,,,,,,,,,2026-08-09
"3105-Tierra-Humeda-Dr,-El-Paso,-TX-79938","3105 Tierra Humeda Dr, El Paso, TX 79938",79938,El Paso,31.787825,-106.262852,Single Family,3,2.5,1365,5227,2002,,Inactive,185000,135.53,2026-07-24T00:00:00.000Z,2026-08-04T00:00:00.000Z,2026-08-03T07:34:40.207Z,10,,,Elpaso,,,,,,,,,,,,,,2026-08-09
"7349-Prickley-Pear-Dr,-El-Paso,-TX-79912","7349 Prickley Pear Dr, El Paso, TX 79912",79912,El Paso,31.879282,-106.563619,Single Family,3,2.5,2408,5227,2004,,Inactive,345000,143.27,2026-07-24T00:00:00.000Z,2026-08-04T00:00:00.000Z,2026-08-03T07:34:40.204Z,10,,,Elpaso,,,,,,,,,,,,,,2026-08-09
"14277-Hunter-Creek-Dr,-El-Paso,-TX-79938","14277 Hunter Creek Dr, El Paso, TX 79938",79938,El Paso,31.785847,-106.226456,Single Family,4,2.5,2180,7405,2013,,Inactive,398000,182.57,2026-07-28T00:00:00.000Z,2026-08-04T00:00:00.000Z,2026-08-03T06:21:55.681Z,6,,,Elpaso,,,,,,,,,,,,,,2026-08-09
"3432-Chickasaw-Dr,-El-Paso,-TX-79936","3432 Chickasaw Dr, El Paso, TX 79936",79936,El Paso,31.79244,-106.296103,Single Family,4,2,1416,4356,1999,,Inactive,199900,141.17,2026-07-29T00:00:00.000Z,2026-08-04T00:00:00.000Z,2026-08-03T06:21:55.675Z,5,,,Elpaso,,,,,,,,,,,,,,2026-08-09
"14314-Patriot-Point-Dr,-El-Paso,-TX-79938","14314 Patriot Point Dr, El Paso, TX 79938",79938,El Paso,31.794385,-106.222581,Single Family,3,2,1158,4792,2009,,Inactive,215000,185.66,2026-07-29T00:00:00.000Z,2026-08-04T00:00:00.000Z,2026-08-03T06:21:55.669Z,5,,,Elpaso,,,,,,,,,,,,,,2026-08-09
"10140-Renfrew-Dr,-El-Paso,-TX-79925","10140 Renfrew Dr, El Paso, TX 79925",79925,El Paso,31.793273,-106.344922,Single Family,3,1,1268,8276,1968,,Inactive,189950,149.8,2026-07-29T00:00:00.000Z,2026-08-04T00:00:00.000Z,2026-08-03T06:21:55.666Z,5,,,Elpaso,,,,,,,,,,,,,,2026-08-09
"2805-Doug-Ford-Dr,-El-Paso,-TX-79935","2805 Doug Ford Dr, El Paso, TX 79935",79935,El Paso,31.780433,-106.327108,Single Family,3,2,1494,7841,1975,,Inactive,215000,143.91,2026-07-29T00:00:00.000Z,2026-08-04T00:00:00.000Z,2026-08-03T06:21:55.666Z,5,,,Elpaso,,,,,,,,,,,,,,2026-08-09
"6856-Granero-Dr,-El-Paso,-TX-79912","6856 Granero Dr, El Paso, TX 79912",79912,El Paso,31.844624,-106.542163,Single Family,3,1,2046,12632,1976,,Inactive,399999,195.5,2026-07-30T00:00:00.000Z,2026-08-04T00:00:00.000Z,2026-08-03T06:01:43.138Z,4,,,Elpaso,,,,,,,,,,,,,,2026-08-09
"9412B-E-Taulbee-Dr,-El-Paso,-TX-79924","9412B E Taulbee Dr, El Paso, TX 79924",79924,El Paso,31.879382,-106.438254,Single Family,3,2,1876,10890,1980,,Inactive,250000,133.26,2026-07-30T00:00:00.000Z,2026-08-04T00:00:00.000Z,2026-08-03T06:01:43.116Z,4,,,Elpaso,,,,,,,,,,,,,,2026-08-09
"3238-Louisville-Ave,-El-Paso,-TX-79930","3238 Louisville Ave, El Paso, TX 79930",79930,El Paso,31.794619,-106.455319,Single Family,3,1.5,1352,6098,1928,,Inactive,255000,188.61,2026-07-30T00:00:00.000Z,2026-08-04T00:00:00.000Z,2026-08-03T06:01:43.106Z,4,,,Elpaso,,,,,,,,,,,,,,2026-08-09
"11161-Loma-Grande-Dr,-El-Paso,-TX-79934","11161 Loma Grande Dr, El Paso, TX 79934",79934,El Paso,31.935225,-106.441038,Single Family,3,2,1371,5227,1992,,Inactive,215000,156.82,2026-07-31T00:00:00.000Z,2026-08-04T00:00:00.000Z,2026-08-03T06:01:43.056Z,3,,,Elpaso,,,,,,,,,,,,,,2026-08-09
"7325-Luz-De-Lumbre-Ave,-El-Paso,-TX-79912","7325 Luz De Lumbre Ave, El Paso, TX 79912",79912,El Paso,31.878474,-106.561537,Single Family,3,2,1382,6098,1997,,Inactive,260000,188.13,2026-07-31T00:00:00.000Z,2026-08-04T00:00:00.000Z,2026-08-03T06:01:43.031Z,3,,,Elpaso,,,,,,,,,,,,,,2026-08-09
"5720-Sun-Valley-Dr,-El-Paso,-TX-79924","5720 Sun Valley Dr, El Paso, TX 79924",79924,El Paso,31.909827,-106.408584,Single Family,4,1.5,1284,6534,1958,,Inactive,209950,163.51,2026-06-30T00:00:00.000Z,2026-08-03T00:00:00.000Z,2026-08-02T08:03:26.555Z,33,,,Elpaso,,,,,,,,,,,,,,2026-08-09
"5102-Beals-Dr,-El-Paso,-TX-79924","5102 Beals Dr, El Paso, TX 79924",79924,El Paso,31.886394,-106.422657,Single Family,4,1,2040,6534,1956,,Inactive,249000,122.06,2026-07-09T00:00:00.000Z,2026-08-03T00:00:00.000Z,2026-08-02T07:43:45.173Z,24,,,Elpaso,,,,,,,,,,,,,,2026-08-09
"4700-Round-Rock-Dr,-El-Paso,-TX-79924","4700 Round Rock Dr, El Paso, TX 79924",79924,El Paso,31.920445,-106.436083,Single Family,4,2,1890,8712,1979,,Inactive,245000,129.63,2026-07-14T00:00:00.000Z,2026-08-03T00:00:00.000Z,2026-08-02T07:15:01.753Z,19,,,Elpaso,,,,,,,,,,,,,,2026-08-09
"5829-Nike-Ln,-El-Paso,-TX-79924","5829 Nike Ln, El Paso, TX 79924",79924,El Paso,31.895063,-106.405067,Single Family,4,1,1220,6098,1982,,Inactive,187500,153.69,2026-07-28T00:00:00.000Z,2026-08-03T00:00:00.000Z,2026-08-02T05:48:53.200Z,5,,,Elpaso,,,,,,,,,,,,,,2026-08-09
"14504-Jaclyn-Marie-St,-El-Paso,-TX-79938","14504 Jaclyn Marie St, El Paso, TX 79938",79938,El Paso,31.821194,-106.235795,Single Family,4,3,2173,6098,2021,,Inactive,299000,137.6,2026-07-30T00:00:00.000Z,2026-08-03T00:00:00.000Z,2026-08-02T05:14:53.072Z,3,,,Elpaso,,,,,,,,,,,,,,2026-08-09
"6163-Franklin-Dove-Ave,-El-Paso,-TX-79912","6163 Franklin Dove Ave, El Paso, TX 79912",79912,El Paso,31.693834,-106.276567,Single Family,4,2,2830,14810,2014,,Inactive,599000,211.66,2026-07-31T00:00:00.000Z,2026-08-03T00:00:00.000Z,2026-08-02T05:14:53.009Z,2,,,Elpaso,,,,,,,,,,,,,,2026-08-09
"3881-Perspective-St,-El-Paso,-TX-79938","3881 Perspective St, El Paso, TX 79938",79938,El Paso,31.808281,-106.198525,Single Family,3,2,1644,5663,2026,,Inactive,295950,180.02,2026-06-11T00:00:00.000Z,2026-08-02T00:00:00.000Z,2026-08-01T09:31:29.808Z,51,,,Elpaso,,,,,,,,,,,,,,2026-08-09
"12256-Freshwater-Dr,-El-Paso,-TX-79928","12256 Freshwater Dr, El Paso, TX 79928",79928,El Paso,31.694049,-106.256045,Single Family,5,3.5,2885,9148,2019,40,Inactive,650000,225.3,2026-06-11T00:00:00.000Z,2026-08-02T00:00:00.000Z,2026-08-01T09:31:29.807Z,51,,,Elpaso,,,,,,,,,,,,,,2026-08-09
"1488-Dunlin-Pl,-El-Paso,-TX-79928","1488 Dunlin Pl, El Paso, TX 79928",79928,El Paso,31.736746,-106.25467,Single Family,3,2.5,1817,5663,2024,,Inactive,292400,160.92,2026-06-20T00:00:00.000Z,2026-08-02T00:00:00.000Z,2026-08-01T09:29:26.803Z,42,,,Elpaso,,,,,,,,,,,,,,2026-08-09
"9500-Beals-Dr,-El-Paso,-TX-79924","9500 Beals Dr, El Paso, TX 79924",79924,El Paso,31.888593,-106.41771,Single Family,4,2,1765,6970,1956,,Inactive,169900,96.26,2026-06-25T00:00:00.000Z,2026-08-02T00:00:00.000Z,2026-08-01T09:21:38.276Z,37,,,Elpaso,,,,,,,,,,,,,,2026-08-09
"12000-Stansbury-Dr,-El-Paso,-TX-79928","12000 Stansbury Dr, El Paso, TX 79928",79928,El Paso,31.709223,-106.265378,Single Family,5,4.5,3422,9583,2009,,Inactive,485000,141.73,2026-06-28T00:00:00.000Z,2026-08-02T00:00:00.000Z,2026-08-01T09:21:38.227Z,34,,,Elpaso,,,,,,,,,,,,,,2026-08-09
"10-Sierra-Crest-Dr,-El-Paso,-TX-79902","10 Sierra Crest Dr, El Paso, TX 79902",79902,El Paso,31.786469,-106.490673,Land,,,,12632,,,Inactive,150000,,2026-07-15T00:00:00.000Z,2026-08-02T00:00:00.000Z,2026-08-01T06:55:30.692Z,17,,,Elpaso,,,,,,,,,,,,,,2026-08-09
"7237-Orizaba-Ave,-El-Paso,-TX-79912","7237 Orizaba Ave, El Paso, TX 79912",79912,El Paso,31.845511,-106.557055,Single Family,3,2,1463,7841,1984,,Inactive,259000,177.03,2026-07-15T00:00:00.000Z,2026-08-02T00:00:00.000Z,2026-08-01T06:55:30.677Z,17,,,Elpaso,,,,,,,,,,,,,,2026-08-09
"11316-Warbonnet-Dr,-El-Paso,-TX-79936","11316 Warbonnet Dr, El Paso, TX 79936",79936,El Paso,31.78735,-106.302601,Single Family,3,2,1662,7405,1988,,Inactive,249999,150.42,2026-07-20T00:00:00.000Z,2026-08-02T00:00:00.000Z,2026-08-01T06:15:59.521Z,12,,,Elpaso,,,,,,,,,,,,,,2026-08-09
"421-S-Festival-Dr,-El-Paso,-TX-79912","421 S Festival Dr, El Paso, TX 79912",79912,El Paso,31.811721,-106.518242,Single Family,3,2.5,2763,5663,2017,150,Inactive,605000,218.96,2026-07-21T00:00:00.000Z,2026-08-02T00:00:00.000Z,2026-08-01T06:15:59.497Z,11,,,Elpaso,,,,,,,,,,,,,,2026-08-09
"1415-Monte-Negro-Dr,-El-Paso,-TX-79935","1415 Monte Negro Dr, El Paso, TX 79935",79935,El Paso,31.758051,-106.331197,Single Family,4,3,3377,13504,1973,,Inactive,459900,136.19,2026-07-25T00:00:00.000Z,2026-08-02T00:00:00.000Z,2026-08-01T05:03:48.645Z,7,,,Elpaso,,,,,,,,,,,,,,2026-08-09
"9301-Hudson-Way,-El-Paso,-TX-79907","9301 Hudson Way, El Paso, TX 79907",79907,El Paso,31.691332,-106.308398,Single Family,3,1,988,10454,1976,,Inactive,129900,131.48,2026-07-25T00:00:00.000Z,2026-08-02T00:00:00.000Z,2026-08-01T05:03:48.641Z,7,,,Elpaso,,,,,,,,,,,,,,2026-08-09
"14540-Smokey-Point-Dr,-El-Paso,-TX-79938","14540 Smokey Point Dr, El Paso, TX 79938",79938,El Paso,31.792121,-106.214592,Single Family,4,2,1354,4792,2014,,Inactive,225000,166.17,2026-07-27T00:00:00.000Z,2026-08-02T00:00:00.000Z,2026-08-01T05:03:48.633Z,5,,,Elpaso,,,,,,,,,,,,,,2026-08-09
"12302-Sombra-Grande-Dr,-El-Paso,-TX-79938","12302 Sombra Grande Dr, El Paso, TX 79938",79938,El Paso,31.773566,-106.265307,Single Family,4,2,1637,5793,2009,,Inactive,174999,106.9,2026-07-25T00:00:00.000Z,2026-08-02T00:00:00.000Z,2026-08-01T05:03:48.578Z,7,,,NTREIS,,,,,,,,,,,,,,2026-08-09
"416-San-Gabriel-St,-El-Paso,-TX-79905","416 San Gabriel St, El Paso, TX 79905",79905,El Paso,31.757166,-106.417183,Single Family,3,1,1500,6098,1955,,Inactive,209950,139.97,2026-06-11T00:00:00.000Z,2026-08-01T00:00:00.000Z,2026-07-31T10:33:59.734Z,50,,,Elpaso,,,,,,,,,,,,,,2026-08-09
"8708-Magnetic-St,-El-Paso,-TX-79904","8708 Magnetic St, El Paso, TX 79904",79904,El Paso,31.860907,-106.453954,Single Family,3,2,2100,10454,1980,,Inactive,279950,133.31,2026-06-17T00:00:00.000Z,2026-08-01T00:00:00.000Z,2026-07-31T09:53:28.978Z,44,,,Elpaso,,,,,,,,,,,,,,2026-08-09
"2021-Shadow-Ridge-Dr,-El-Paso,-TX-79938","2021 Shadow Ridge Dr, El Paso, TX 79938",79938,El Paso,31.764179,-106.258853,Single Family,4,2.5,2065,6098,1999,25,Inactive,315000,152.54,2026-06-20T00:00:00.000Z,2026-08-01T00:00:00.000Z,2026-07-31T09:53:28.872Z,41,,,Elpaso,,,,,,,,,,,,,,2026-08-09
"3729-Memphis-Ave,-El-Paso,-TX-79930","3729 Memphis Ave, El Paso, TX 79930",79930,El Paso,31.799735,-106.448089,Single Family,2,1,1278,4356,1940,,Inactive,151000,118.15,2026-06-29T00:00:00.000Z,2026-08-01T00:00:00.000Z,2026-07-31T09:39:22.030Z,32,,,Elpaso,,,,,,,,,,,,,,2026-08-09
"376-Rio-Dulce-Ave,-El-Paso,-TX-79932","376 Rio Dulce Ave, El Paso, TX 79932",79932,El Paso,31.867243,-106.600597,Single Family,3,2,1681,8276,2003,,Inactive,265000,157.64,2026-06-30T00:00:00.000Z,2026-08-01T00:00:00.000Z,2026-07-31T09:39:22.013Z,31,,,Elpaso,,,,,,,,,,,,,,2026-08-09
"5660-Rio-Bonito-Cir,-El-Paso,-TX-79932","5660 Rio Bonito Cir, El Paso, TX 79932",79932,El Paso,31.863918,-106.602028,Single Family,4,3,2743,10019,2025,,Inactive,639000,232.96,2026-07-06T00:00:00.000Z,2026-08-01T00:00:00.000Z,2026-07-31T09:39:21.974Z,25,,,Elpaso,,,,,,,,,,,,,,2026-08-09
"2210-N-Virginia-St,-El-Paso,-TX-79902","2210 N Virginia St, El Paso, TX 79902",79902,El Paso,31.777143,-106.494936,Single Family,2,2,2197,7841,1942,,Inactive,539500,245.56,2026-07-08T00:00:00.000Z,2026-08-01T00:00:00.000Z,2026-07-31T09:36:39.644Z,23,,,Elpaso,,,,,,,,,,,,,,2026-08-09
"5956-Mohegan-Sun-St,-El-Paso,-TX-79932","5956 Mohegan Sun St, El Paso, TX 79932",79932,El Paso,31.871323,-106.621391,Single Family,4,3,2098,5663,2024,100,Inactive,440580,210.0,2026-07-09T00:00:00.000Z,2026-08-01T00:00:00.000Z,2026-07-31T09:36:39.631Z,22,,,Elpaso,,,,,,,,,,,,,,2026-08-09
"207-Serrania-Dr,-El-Paso,-TX-79932","207 Serrania Dr, El Paso, TX 79932",79932,El Paso,31.852768,-106.587681,Single Family,3,2,1804,14810,1977,,Inactive,316700,175.55,2026-07-09T00:00:00.000Z,2026-08-01T00:00:00.000Z,2026-07-31T09:36:39.627Z,22,,,Elpaso,,,,,,,,,,,,,,2026-08-09
"12264-Desert-Sea-Ct,-El-Paso,-TX-79938","12264 Desert Sea Ct, El Paso, TX 79938",79938,El Paso,31.819966,-106.260689,Single Family,3,2,1592,4792,2022,,Inactive,255000,160.18,2026-07-15T00:00:00.000Z,2026-08-01T00:00:00.000Z,2026-07-31T09:21:29.512Z,16,,,Elpaso,,,,,,,,,,,,,,2026-08-09
"10412-Triumph-Dr,-El-Paso,-TX-79924","10412 Triumph Dr, El Paso, TX 79924",79924,El Paso,31.915742,-106.418351,Single Family,3,1.5,1064,6098,1972,,Inactive,190000,178.57,2026-07-16T00:00:00.000Z,2026-08-01T00:00:00.000Z,2026-07-31T09:21:29.504Z,15,,,Elpaso,,,,,,,,,,,,,,2026-08-09
"241-Northwind-Dr,-El-Paso,-TX-79912","241 Northwind Dr, El Paso, TX 79912",79912,El Paso,31.836625,-106.534275,Single Family,3,1,2366,9148,1963,,Inactive,475000,200.76,2026-07-27T00:00:00.000Z,2026-08-01T00:00:00.000Z,2026-07-31T07:49:02.881Z,4,,,Elpaso,,,,,,,,,,,,,,2026-08-09
"7614-Corozal-Dr,-El-Paso,-TX-79915","7614 Corozal Dr, El Paso, TX 79915",79915,El Paso,31.751488,-106.358304,Single Family,4,1,1603,7405,1953,,Inactive,219900,137.18,2026-07-29T00:00:00.000Z,2026-08-01T00:00:00.000Z,2026-07-31T07:49:02.837Z,2,,,Elpaso,,,,,,,,,,,,,,2026-08-09
"7409-Enchanted-Point-Dr,-El-Paso,-TX-79911","7409 Enchanted Point Dr, El Paso, TX 79911",79911,El Paso,31.922712,-106.56869,Single Family,4,2,1865,6534,2023,,Inactive,407000,218.23,2026-06-18T00:00:00.000Z,2026-07-31T00:00:00.000Z,2026-07-30T09:18:25.447Z,42,,,Elpaso,,,,,,,,,,,,,,2026-08-09
"15044-Allegiance-Ave,-El-Paso,-TX-79938","15044 Allegiance Ave, El Paso, TX 79938",79938,El Paso,31.784741,-106.193315,Single Family,4,3,2026,7841,2026,,Inactive,387950,191.49,2026-06-23T00:00:00.000Z,2026-07-31T00:00:00.000Z,2026-07-30T09:18:25.397Z,37,,,Elpaso,,,,,,,,,,,,,,2026-08-09
"5240-Blue-Ridge-Dr,-El-Paso,-TX-79904","5240 Blue Ridge Dr, El Paso, TX 79904",79904,El Paso,31.862941,-106.415654,Single Family,4,1.5,1410,6098,1955,,Inactive,229950,163.09,2026-07-03T00:00:00.000Z,2026-07-31T00:00:00.000Z,2026-07-30T08:53:42.954Z,27,,,Elpaso,,,,,,,,,,,,,,2026-08-09
"5216-Kodiak-Ave,-El-Paso,-TX-79924","5216 Kodiak Ave, El Paso, TX 79924",79924,El Paso,31.904501,-106.419333,Single Family,4,2,1976,7841,1966,,Inactive,257000,130.06,2026-07-10T00:00:00.000Z,2026-07-31T00:00:00.000Z,2026-07-30T07:53:35.357Z,20,,,Elpaso,,,,,,,,,,,,,,2026-08-09
"PN-386220-Hunnicut-Rd,-El-Paso,-TX-79938","PN-386220 Hunnicut Rd, El Paso, TX 79938",79938,El Paso,31.857265,-106.136646,Land,,,,108900,,,Inactive,109000,,2026-07-10T00:00:00.000Z,2026-07-31T00:00:00.000Z,2026-07-30T07:53:32.046Z,20,,,Elpaso,,,,,,,,,,,,,,2026-08-09
"2112-Sea-Palm-Dr,-El-Paso,-TX-79936","2112 Sea Palm Dr, El Paso, TX 79936",79936,El Paso,31.772279,-106.31108,Single Family,4,2,2258,8276,1978,,Inactive,305000,135.08,2026-07-11T00:00:00.000Z,2026-07-31T00:00:00.000Z,2026-07-30T07:53:32.007Z,19,,,Elpaso,,,,,,,,,,,,,,2026-08-09
"323-Valle-Sereno-Dr,-El-Paso,-TX-79907","323 Valle Sereno Dr, El Paso, TX 79907",79907,El Paso,31.72147,-106.346471,Single Family,3,2,1757,6098,1973,,Inactive,215000,122.37,2026-07-14T00:00:00.000Z,2026-07-31T00:00:00.000Z,2026-07-30T07:53:31.972Z,16,,,Elpaso,,,,,,,,,,,,,,2026-08-09
"7816-Enchanted-Path-Dr,-El-Paso,-TX-79911","7816 Enchanted Path Dr, El Paso, TX 79911",79911,El Paso,31.918131,-106.571936,Single Family,3,2.5,2055,5663,2017,,Inactive,380000,184.91,2026-07-20T00:00:00.000Z,2026-07-31T00:00:00.000Z,2026-07-30T07:26:30.543Z,10,,,Elpaso,,,,,,,,,,,,,,2026-08-09
"771-Lemington-St,-El-Paso,-TX-79928","771 Lemington St, El Paso, TX 79928",79928,El Paso,31.702862,-106.214464,Single Family,4,3,2031,4792,2021,,Inactive,289999,142.79,2026-07-21T00:00:00.000Z,2026-07-31T00:00:00.000Z,2026-07-30T06:26:53.700Z,9,,,Elpaso,,,,,,,,,,,,,,2026-08-09
"6400-Edgemere-Blvd,-Apt-50,-El-Paso,-TX-79925","6400 Edgemere Blvd, Apt 50, El Paso, TX 79925",79925,El Paso,31.783747,-106.402588,Condo,1,1,626,224334,1965,215,Inactive,94900,151.6,2026-07-23T00:00:00.000Z,2026-07-31T00:00:00.000Z,2026-07-30T06:26:53.636Z,7,,,Elpaso,,,,,,,,,,,,,,2026-08-09
"6540-Cabana-Del-Sol-Dr,-El-Paso,-TX-79911","6540 Cabana Del Sol Dr, El Paso, TX 79911",79911,El Paso,31.883407,-106.538774,Single Family,4,3,3333,12197,2006,,Inactive,650000,195.02,2026-07-23T00:00:00.000Z,2026-07-31T00:00:00.000Z,2026-07-30T06:26:53.626Z,7,,,Elpaso,,,,,,,,,,,,,,2026-08-09
"5619-Burning-Tree-Dr,-El-Paso,-TX-79912","5619 Burning Tree Dr, El Paso, TX 79912",79912,El Paso,31.83909,-106.514137,Single Family,3,2,1586,7841,2000,,Inactive,335000,211.22,2026-07-24T00:00:00.000Z,2026-07-31T00:00:00.000Z,2026-07-30T06:26:53.626Z,6,,,Elpaso,,,,,,,,,,,,,,2026-08-09
"4600-Hastings-Dr,-El-Paso,-TX-79903","4600 Hastings Dr, El Paso, TX 79903",79903,El Paso,31.792659,-106.435749,Single Family,6,3,3036,9583,1918,,Inactive,375000,123.52,2026-07-23T00:00:00.000Z,2026-07-31T00:00:00.000Z,2026-07-30T06:26:53.624Z,7,,,Elpaso,,,,,,,,,,,,,,2026-08-09
"10445-Omega-Cir,-El-Paso,-TX-79924","10445 Omega Cir, El Paso, TX 79924",79924,El Paso,31.916436,-106.415901,Single Family,3,1,1221,16553,1971,,Inactive,197500,161.75,2026-07-27T00:00:00.000Z,2026-07-31T00:00:00.000Z,2026-07-30T05:36:06.648Z,3,,,Elpaso,,,,,,,,,,,,,,2026-08-09
"1826-Stirrup-Pl,-El-Paso,-TX-79911","1826 Stirrup Pl, El Paso, TX 79911",79911,El Paso,31.896613,-106.568728,Single Family,4,3.5,2432,11326,2026,,Inactive,834950,343.32,2026-07-29T00:00:00.000Z,2026-07-31T00:00:00.000Z,2026-07-30T05:36:06.590Z,1,,,Elpaso,,,,,,,,,,,,,,2026-08-09
"12064-Mesquite-Thorn-Dr,-El-Paso,-TX-79934","12064 Mesquite Thorn Dr, El Paso, TX 79934",79934,El Paso,31.959993,-106.374489,Single Family,4,2,1505,5227,2019,,Inactive,230000,152.82,2026-06-13T00:00:00.000Z,2026-07-30T00:00:00.000Z,2026-07-29T08:16:10.222Z,46,,,Elpaso,,,,,,,,,,,,,,2026-08-09
"1501-Jerry-Pate-Pl,-El-Paso,-TX-79935","1501 Jerry Pate Pl, El Paso, TX 79935",79935,El Paso,31.752991,-106.321308,Single Family,5,1,2707,12632,1978,,Inactive,349999,129.29,2026-06-18T00:00:00.000Z,2026-07-30T00:00:00.000Z,2026-07-29T08:10:11.067Z,41,,,Elpaso,,,,,,,,,,,,,,2026-08-09
"4825-Kimberly-Nicole-Pl,-El-Paso,-TX-79938","4825 Kimberly Nicole Pl, El Paso, TX 79938",79938,El Paso,31.821089,-106.238469,Single Family,4,2.5,2374,4792,2017,,Inactive,292000,123.0,2026-07-09T00:00:00.000Z,2026-07-30T00:00:00.000Z,2026-07-29T07:29:42.273Z,20,,,Elpaso,,,,,,,,,,,,,,2026-08-09
"4208-Okeefe-Dr,-El-Paso,-TX-79902","4208 Okeefe Dr, El Paso, TX 79902",79902,El Paso,31.796866,-106.500096,Single Family,3,1.5,2268,10019,1959,,Inactive,300000,132.28,2026-07-08T00:00:00.000Z,2026-07-30T00:00:00.000Z,2026-07-29T07:29:42.261Z,21,,,Elpaso,,,,,,,,,,,,,,2026-08-09
"3872-Loma-Adriana-Dr,-El-Paso,-TX-79938","3872 Loma Adriana Dr, El Paso, TX 79938",79938,El Paso,31.802599,-106.220811,Single Family,3,2.5,1774,4792,2015,,Inactive,249990,140.92,2026-07-15T00:00:00.000Z,2026-07-30T00:00:00.000Z,2026-07-29T07:15:38.011Z,14,,,Elpaso,,,,,,,,,,,,,,2026-08-09
"12236-Red-Sun-Dr,-El-Paso,-TX-79938","12236 Red Sun Dr, El Paso, TX 79938",79938,El Paso,31.772787,-106.265284,Single Family,3,2,1337,1307,1999,,Inactive,205000,153.33,2026-07-16T00:00:00.000Z,2026-07-30T00:00:00.000Z,2026-07-29T07:15:37.981Z,13,,,Elpaso,,,,,,,,,,,,,,2026-08-09
"12708-Tierra-Pueblo-Dr,-El-Paso,-TX-79938","12708 Tierra Pueblo Dr, El Paso, TX 79938",79938,El Paso,31.784732,-106.247848,Single Family,5,2,1767,5227,2005,,Inactive,254900,144.26,2026-07-16T00:00:00.000Z,2026-07-30T00:00:00.000Z,2026-07-29T07:15:37.967Z,13,,,Elpaso,,,,,,,,,,,,,,2026-08-09
"14908-Sunny-Land-Ave,-El-Paso,-TX-79938","14908 Sunny Land Ave, El Paso, TX 79938",79938,El Paso,31.78825,-106.202313,Single Family,3,2,1760,5663,2017,,Inactive,269000,152.84,2026-07-20T00:00:00.000Z,2026-07-30T00:00:00.000Z,2026-07-29T07:04:10.701Z,9,,,Elpaso,,,,,,,,,,,,,,2026-08-09
"11737-Roger-Chaffee-Ln,-El-Paso,-TX-79936","11737 Roger Chaffee Ln, El Paso, TX 79936",79936,El Paso,31.761338,-106.286823,Single Family,3,2,1616,5227,1987,,Inactive,249500,154.39,2026-07-20T00:00:00.000Z,2026-07-30T00:00:00.000Z,2026-07-29T07:04:10.690Z,9,,,Elpaso,,,,,,,,,,,,,,2026-08-09
"2916-Pino-Blanco-Pl,-El-Paso,-TX-79938","2916 Pino Blanco Pl, El Paso, TX 79938",79938,El Paso,31.783111,-106.228179,Single Family,4,2.5,1984,5663,2011,,Inactive,249999,126.01,2026-07-22T00:00:00.000Z,2026-07-30T00:00:00.000Z,2026-07-29T07:04:10.654Z,7,,,Elpaso,,,,,,,,,,,,,,2026-08-09
"4040-Tierra-Venado-Dr,-El-Paso,-TX-79938","4040 Tierra Venado Dr, El Paso, TX 79938",79938,El Paso,31.803796,-106.225885,Single Family,3,2,1424,4792,2006,,Inactive,217500,152.74,2026-07-22T00:00:00.000Z,2026-07-30T00:00:00.000Z,2026-07-29T07:04:10.652Z,7,,,Elpaso,,,,,,,,,,,,,,2026-08-09
"3212-Donegal-Rd,-El-Paso,-TX-79925","3212 Donegal Rd, El Paso, TX 79925",79925,El Paso,31.789066,-106.352366,Single Family,4,3,2223,9148,1959,,Inactive,264900,119.16,2026-07-24T00:00:00.000Z,2026-07-30T00:00:00.000Z,2026-07-29T07:04:10.619Z,5,,,Elpaso,,,,,,,,,,,,,,2026-08-09
"913-Summer-Night-Ave,-El-Paso,-TX-79928","913 Summer Night Ave, El Paso, TX 79928",79928,El Paso,31.710993,-106.20353,Single Family,3,2,1815,5227,2023,,Inactive,329450,181.52,2026-07-24T00:00:00.000Z,2026-07-30T00:00:00.000Z,2026-07-29T05:42:28.383Z,5,,,Elpaso,,,,,,,,,,,,,,2026-08-09
"5624-Sanders-Ave,-El-Paso,-TX-79924","5624 Sanders Ave, El Paso, TX 79924",79924,El Paso,31.880439,-106.409503,Single Family,3,1,958,6970,1959,,Inactive,180000,187.89,2026-07-27T00:00:00.000Z,2026-07-30T00:00:00.000Z,2026-07-29T05:42:28.300Z,2,,,Elpaso,,,,,,,,,,,,,,2026-08-09
"10689-Canyon-Sage-Dr,-El-Paso,-TX-79924","10689 Canyon Sage Dr, El Paso, TX 79924",79924,El Paso,31.926218,-106.376535,Single Family,3,2,1342,5227,2013,,Inactive,205000,152.76,2026-07-27T00:00:00.000Z,2026-07-30T00:00:00.000Z,2026-07-29T05:42:28.296Z,2,,,Elpaso,,,,,,,,,,,,,,2026-08-09
"6840-Granero-Dr,-El-Paso,-TX-79912","6840 Granero Dr, El Paso, TX 79912",79912,El Paso,31.844898,-106.542151,Single Family,3,1.5,2416,12197,1977,,Inactive,379850,157.22,2026-07-27T00:00:00.000Z,2026-07-30T00:00:00.000Z,2026-07-29T05:42:28.279Z,2,,,Elpaso,,,,,,,,,,,,,,2026-08-09
"355-Valle-Sereno-Dr,-El-Paso,-TX-79907","355 Valle Sereno Dr, El Paso, TX 79907",79907,El Paso,31.722393,-106.345356,Single Family,3,2,1316,6098,1972,,Inactive,189950,144.34,2026-06-11T00:00:00.000Z,2026-07-29T00:00:00.000Z,2026-07-28T09:13:25.412Z,47,,,Elpaso,,,,,,,,,,,,,,2026-08-09
"14637-Ciambriello-Ave,-El-Paso,-TX-79938","14637 Ciambriello Ave, El Paso, TX 79938",79938,El Paso,31.779238,-106.210021,Single Family,4,2.5,2256,6970,2021,,Inactive,364500,161.57,2026-06-12T00:00:00.000Z,2026-07-29T00:00:00.000Z,2026-07-28T09:13:25.411Z,46,,,Elpaso,,,,,,,,,,,,,,2026-08-09
"7838-Mount-Latona-Dr,-Unit-A,-El-Paso,-TX-79904","7838 Mount Latona Dr, Unit A, El Paso, TX 79904",79904,El Paso,31.851057,-106.429642,Multi-Family,8,4,2485,6098,2024,,Inactive,580000,233.4,2026-06-17T00:00:00.000Z,2026-07-29T00:00:00.000Z,2026-07-28T09:07:25.109Z,41,,,Elpaso,,,,,,,,,,,,,,2026-08-09
"1300-Sunburst-Dr,-El-Paso,-TX-79925","1300 Sunburst Dr, El Paso, TX 79925",79925,El Paso,31.790077,-106.374064,Single Family,4,2,1975,9583,1965,,Inactive,335000,169.62,2026-06-17T00:00:00.000Z,2026-07-29T00:00:00.000Z,2026-07-28T09:07:25.105Z,41,,,Elpaso,,,,,,,,,,,,,,2026-08-09
"12285-Red-Sun-Dr,-El-Paso,-TX-79938","12285 Red Sun Dr, El Paso, TX 79938",79938,El Paso,31.773231,-106.26334,Single Family,3,2,1493,6098,1999,,Inactive,190000,127.26,2026-06-24T00:00:00.000Z,2026-07-29T00:00:00.000Z,2026-07-28T09:07:24.994Z,34,,,Elpaso,,,,,,,,,,,,,,2026-08-09
"9724-Staubach-Dr,-El-Paso,-TX-79927","9724 Staubach Dr, El Paso, TX 79927",79927,El Paso,31.671138,-106.307017,Single Family,4,2.5,1248,6098,1985,,Inactive,230000,184.29,2026-07-01T00:00:00.000Z,2026-07-29T00:00:00.000Z,2026-07-28T08:51:35.228Z,27,,,Elpaso,,,,,,,,,,,,,,2026-08-09
"13984-Thunder-Sky-Ave,-El-Paso,-TX-79928","13984 Thunder Sky Ave, El Paso, TX 79928",79928,El Paso,31.722597,-106.203228,Single Family,4,2,1785,5663,2026,,Inactive,291990,163.58,2026-07-02T00:00:00.000Z,2026-07-29T00:00:00.000Z,2026-07-28T08:51:35.220Z,26,,,Elpaso,,,,,,,,,,,,,,2026-08-09
"4852-Ruben-Soto-Dr,-El-Paso,-TX-79938","4852 Ruben Soto Dr, El Paso, TX 79938",79938,El Paso,31.82158,-106.24024,Single Family,3,2,1595,4792,2017,,Inactive,248000,155.49,2026-07-06T00:00:00.000Z,2026-07-29T00:00:00.000Z,2026-07-28T08:07:23.783Z,22,,,Elpaso,,,,,,,,,,,,,,2026-08-09
"6737-Brisa-Del-Mar-Dr,-El-Paso,-TX-79912","6737 Brisa Del Mar Dr, El Paso, TX 79912",79912,El Paso,31.860733,-106.545282,Single Family,4,2.5,2317,8712,1986,,Inactive,400000,172.64,2026-07-12T00:00:00.000Z,2026-07-29T00:00:00.000Z,2026-07-28T08:06:20.239Z,16,,,Elpaso,,,,,,,,,,,,,,2026-08-09
"14701-Cactus-Breeze-Way,-El-Paso,-TX-79928","14701 Cactus Breeze Way, El Paso, TX 79928",79928,El Paso,31.686334,-106.167306,Single Family,3,2,1834,7405,2026,,Inactive,299900,163.52,2026-07-13T00:00:00.000Z,2026-07-29T00:00:00.000Z,2026-07-28T08:06:20.215Z,15,,,Elpaso,,,,,,,,,,,,,,2026-08-09
"3001-Lebanon-Ave,-El-Paso,-TX-79930","3001 Lebanon Ave, El Paso, TX 79930",79930,El Paso,31.794249,-106.459713,Single Family,3,2,1599,6098,1940,,Inactive,257000,160.73,2026-07-15T00:00:00.000Z,2026-07-29T00:00:00.000Z,2026-07-28T07:50:03.588Z,13,,,Elpaso,,,,,,,,,,,,,,2026-08-09
"14330-Pacific-Point-Dr,-El-Paso,-TX-79938","14330 Pacific Point Dr, El Paso, TX 79938",79938,El Paso,31.795117,-106.221357,Single Family,4,2.5,1942,4792,2008,,Inactive,249999,128.73,2026-07-16T00:00:00.000Z,2026-07-29T00:00:00.000Z,2026-07-28T07:50:03.552Z,12,,,Elpaso,,,,,,,,,,,,,,2026-08-09
"2109-Robert-Drennan-Pl,-El-Paso,-TX-79938","2109 Robert Drennan Pl, El Paso, TX 79938",79938,El Paso,31.766669,-106.228248,Single Family,3,2,1443,5227,2015,,Inactive,240000,166.32,2026-07-17T00:00:00.000Z,2026-07-29T00:00:00.000Z,2026-07-28T07:50:03.486Z,11,,,Elpaso,,,,,,,,,,,,,,2026-08-09
"9100-Villa-Madero-Dr,-El-Paso,-TX-79907","9100 Villa Madero Dr, El Paso, TX 79907",79907,El Paso,31.70182,-106.314193,Single Family,3,1.5,918,6098,1975,,Inactive,135000,147.06,2026-07-18T00:00:00.000Z,2026-07-29T00:00:00.000Z,2026-07-28T06:37:26.060Z,10,,,Elpaso,,,,,,,,,,,,,,2026-08-09
"14420-Navajo-Point-Dr,-El-Paso,-TX-79938","14420 Navajo Point Dr, El Paso, TX 79938",79938,El Paso,31.789372,-106.221451,Single Family,4,2,2019,10019,2010,,Inactive,320000,158.49,2026-07-22T00:00:00.000Z,2026-07-29T00:00:00.000Z,2026-07-28T06:37:25.961Z,6,,,Elpaso,,,,,,,,,,,,,,2026-08-09
"3581-Mike-Godwin-Dr,-El-Paso,-TX-79936","3581 Mike Godwin Dr, El Paso, TX 79936",79936,El Paso,31.797882,-106.270034,Single Family,4,2.5,1670,5663,2005,,Inactive,254500,152.4,2026-07-23T00:00:00.000Z,2026-07-29T00:00:00.000Z,2026-07-28T06:37:25.953Z,5,,,Elpaso,,,,,,,,,,,,,,2026-08-09
"1157-Stanley-St,-El-Paso,-TX-79907","1157 Stanley St, El Paso, TX 79907",79907,El Paso,31.742061,-106.336603,Single Family,3,1,1028,6970,1957,,Inactive,179900,175.0,2026-07-23T00:00:00.000Z,2026-07-29T00:00:00.000Z,2026-07-28T05:44:34.409Z,5,,,Elpaso,,,,,,,,,,,,,,2026-08-09
"11961-Braveheart-Ave,-El-Paso,-TX-79936","11961 Braveheart Ave, El Paso, TX 79936",79936,El Paso,31.797114,-106.275287,Single Family,3,2,1018,4792,2000,,Inactive,184950,181.68,2026-07-23T00:00:00.000Z,2026-07-29T00:00:00.000Z,2026-07-28T05:44:34.379Z,5,,,Elpaso,,,,,,,,,,,,,,2026-08-09
"601-Chelsea-St,-El-Paso,-TX-79903","601 Chelsea St, El Paso, TX 79903",79903,El Paso,31.778982,-106.425827,Single Family,3,1,1120,6534,1950,,Inactive,179950,160.67,2026-07-24T00:00:00.000Z,2026-07-29T00:00:00.000Z,2026-07-28T05:44:34.319Z,4,,,Elpaso,,,,,,,,,,,,,,2026-08-09
"11052-Ray-Mena-Ln,-El-Paso,-TX-79934","11052 Ray Mena Ln, El Paso, TX 79934",79934,El Paso,31.93421,-106.427818,Single Family,3,2,1702,5227,2015,,Inactive,265000,155.7,2026-06-13T00:00:00.000Z,2026-07-28T00:00:00.000Z,2026-07-27T09:43:21.841Z,44,,,Elpaso,,,,,,,,,,,,,,2026-08-09
"252-Shadow-Mountain-Dr,-Apt-B1,-El-Paso,-TX-79912","252 Shadow Mountain Dr, Apt B1, El Paso, TX 79912",79912,El Paso,31.831967,-106.525335,Condo,2,2,1200,127631,1969,605,Inactive,139950,116.62,2026-06-11T00:00:00.000Z,2026-07-28T00:00:00.000Z,2026-07-27T09:43:21.823Z,46,,,Elpaso,,,,,,,,,,,,,,2026-08-09
"PN-395419-Buglo-Dr,-El-Paso,-TX-79928","PN-395419 Buglo Dr, El Paso, TX 79928",79928,El Paso,31.738163,-106.202029,Land,,,,15682,,,Inactive,7000,,2026-06-17T00:00:00.000Z,2026-07-28T00:00:00.000Z,2026-07-27T09:28:16.676Z,40,,,Elpaso,,,,,,,,,,,,,,2026-08-09
"7017-Pandora-St,-El-Paso,-TX-79904","7017 Pandora St, El Paso, TX 79904",79904,El Paso,31.852634,-106.426837,Single Family,3,2,1346,8276,2011,,Inactive,215000,159.73,2026-06-24T00:00:00.000Z,2026-07-28T00:00:00.000Z,2026-07-27T08:56:38.928Z,33,,,Elpaso,,,,,,,,,,,,,,2026-08-09
"PN-348379-Tbd-Baldwinner-Dr,-El-Paso,-TX-79928","PN-348379 Tbd Baldwinner Dr, El Paso, TX 79928",79928,El Paso,31.735426,-106.20471,Land,,,,11761,,,Inactive,12000,,2026-06-25T00:00:00.000Z,2026-07-28T00:00:00.000Z,2026-07-27T08:56:38.900Z,32,,,Elpaso,,,,,,,,,,,,,,2026-08-09
"5020-Meade-Ct,-El-Paso,-TX-79904","5020 Meade Ct, El Paso, TX 79904",79904,El Paso,31.850735,-106.421369,Single Family,4,1,2157,6098,1954,,Inactive,155000,71.86,2026-06-29T00:00:00.000Z,2026-07-28T00:00:00.000Z,2026-07-27T08:56:38.803Z,28,,,Elpaso,,,,,,,,,,,,,,2026-08-09
"14825-William-Meshel-Dr,-El-Paso,-TX-79938","14825 William Meshel Dr, El Paso, TX 79938",79938,El Paso,31.77158,-106.203365,Single Family,4,2,1953,6098,2021,,Inactive,315000,161.29,2026-07-02T00:00:00.000Z,2026-07-28T00:00:00.000Z,2026-07-27T08:55:31.652Z,25,,,Elpaso,,,,,,,,,,,,,,2026-08-09
"14272-John-Scagno,-El-Paso,-TX-79938","14272 John Scagno, El Paso, TX 79938",79938,El Paso,31.766015,-106.226147,Single Family,4,2,1788,6098,2018,,Inactive,295000,164.99,2026-07-02T00:00:00.000Z,2026-07-28T00:00:00.000Z,2026-07-27T08:55:31.652Z,25,,,Elpaso,,,,,,,,,,,,,,2026-08-09
"6401-Brisa-Del-Mar-Dr,-El-Paso,-TX-79912","6401 Brisa Del Mar Dr, El Paso, TX 79912",79912,El Paso,31.86008,-106.533157,Single Family,5,2,2751,8712,1991,,Inactive,472000,171.57,2026-07-03T00:00:00.000Z,2026-07-28T00:00:00.000Z,2026-07-27T08:55:31.642Z,24,,,Elpaso,,,,,,,,,,,,,,2026-08-09
"11132-Bullseye-St,-El-Paso,-TX-79934","11132 Bullseye St, El Paso, TX 79934",79934,El Paso,31.935275,-106.429554,Single Family,4,2,1763,6098,2014,,Inactive,267500,151.73,2026-07-09T00:00:00.000Z,2026-07-28T00:00:00.000Z,2026-07-27T08:12:49.972Z,18,,,Elpaso,,,,,,,,,,,,,,2026-08-09
"2053-Tim-Foster-St,-El-Paso,-TX-79938","2053 Tim Foster St, El Paso, TX 79938",79938,El Paso,31.765971,-106.225294,Single Family,3,1,1562,5663,2018,,Inactive,252950,161.94,2026-07-09T00:00:00.000Z,2026-07-28T00:00:00.000Z,2026-07-27T08:12:49.961Z,18,,,Elpaso,,,,,,,,,,,,,,2026-08-09
"5333-Ignacio-Almanzar-Ln,-El-Paso,-TX-79934","5333 Ignacio Almanzar Ln, El Paso, TX 79934",79934,El Paso,31.940155,-106.422937,Single Family,4,2,1520,6098,2009,,Inactive,224999,148.03,2026-07-16T00:00:00.000Z,2026-07-28T00:00:00.000Z,2026-07-27T07:45:35.098Z,11,,,Elpaso,,,,,,,,,,,,,,2026-08-09
"7333-Desierto-Oro-Ct,-El-Paso,-TX-79912","7333 Desierto Oro Ct, El Paso, TX 79912",79912,El Paso,31.870288,-106.559481,Single Family,3,2.5,2313,7405,1995,,Inactive,299995,129.7,2026-07-19T00:00:00.000Z,2026-07-28T00:00:00.000Z,2026-07-27T06:26:20.020Z,8,,,Elpaso,,,,,,,,,,,,,,2026-08-09
"152-Whitney-Way,-El-Paso,-TX-79907","152 Whitney Way, El Paso, TX 79907",79907,El Paso,31.69521,-106.33477,Land,,,,14375,,,Inactive,75000,,2026-07-21T00:00:00.000Z,2026-07-28T00:00:00.000Z,2026-07-27T06:26:20.007Z,6,,,Elpaso,,,,,,,,,,,,,,2026-08-09
"3245-Mountain-Ridge-Dr,-El-Paso,-TX-79904","3245 Mountain Ridge Dr, El Paso, TX 79904",79904,El Paso,31.842142,-106.458222,Single Family,3,1,1576,3920,1992,24,Inactive,210000,133.25,2026-07-20T00:00:00.000Z,2026-07-28T00:00:00.000Z,2026-07-27T06:26:19.992Z,7,,,Elpaso,,,,,,,,,,,,,,2026-08-09
"2617-Aquatic-Ln,-El-Paso,-TX-79936","2617 Aquatic Ln, El Paso, TX 79936",79936,El Paso,31.779667,-106.313684,Single Family,3,2,1319,6970,1978,,Inactive,200000,151.63,2026-07-22T00:00:00.000Z,2026-07-28T00:00:00.000Z,2026-07-27T06:26:19.974Z,5,,,Elpaso,,,,,,,,,,,,,,2026-08-09
"11325-Loma-Linda-Cir,-El-Paso,-TX-79934","11325 Loma Linda Cir, El Paso, TX 79934",79934,El Paso,31.940377,-106.441193,Single Family,3,2,1847,7841,1997,,Inactive,299900,162.37,2026-07-23T00:00:00.000Z,2026-07-28T00:00:00.000Z,2026-07-27T05:12:47.581Z,4,,,Elpaso,,,,,,,,,,,,,,2026-08-09
"7472-Luz-De-Lumbre-Ave,-El-Paso,-TX-79912","7472 Luz De Lumbre Ave, El Paso, TX 79912",79912,El Paso,31.875504,-106.568777,Single Family,3,2,1727,5663,1999,,Inactive,289950,167.89,2026-07-23T00:00:00.000Z,2026-07-28T00:00:00.000Z,2026-07-27T05:12:47.579Z,4,,,Elpaso,,,,,,,,,,,,,,2026-08-09
"605-Laramie-River-Ave,-El-Paso,-TX-79932","605 Laramie River Ave, El Paso, TX 79932",79932,El Paso,31.878023,-106.611118,Single Family,4,1.5,1818,5227,2003,,Inactive,289000,158.97,2026-07-23T00:00:00.000Z,2026-07-28T00:00:00.000Z,2026-07-27T05:12:47.574Z,4,,,Elpaso,,,,,,,,,,,,,,2026-08-09
"2037-Crescent-Cir,-El-Paso,-TX-79903","2037 Crescent Cir, El Paso, TX 79903",79903,El Paso,31.794851,-106.43494,Single Family,3,1,1196,8712,1940,,Inactive,260000,217.39,2026-07-23T00:00:00.000Z,2026-07-28T00:00:00.000Z,2026-07-27T05:12:47.572Z,4,,,Elpaso,,,,,,,,,,,,,,2026-08-09
"924-Via-Descanso-Dr,-El-Paso,-TX-79912","924 Via Descanso Dr, El Paso, TX 79912",79912,El Paso,31.863616,-106.522681,Single Family,3,1.5,2230,9583,2007,,Inactive,399750,179.26,2026-07-23T00:00:00.000Z,2026-07-28T00:00:00.000Z,2026-07-27T05:12:47.566Z,4,,,Elpaso,,,,,,,,,,,,,,2026-08-09
"112-Isabella-Dr,-El-Paso,-TX-79912","112 Isabella Dr, El Paso, TX 79912",79912,El Paso,31.829962,-106.536462,Single Family,3,1,1690,7405,1958,,Inactive,220000,130.18,2026-07-24T00:00:00.000Z,2026-07-28T00:00:00.000Z,2026-07-27T05:12:47.416Z,3,,,Elpaso,,,,,,,,,,,,,,2026-08-09
"14580-Spanish-Point-Dr,-El-Paso,-TX-79938","14580 Spanish Point Dr, El Paso, TX 79938",79938,El Paso,31.793618,-106.213543,Single Family,3,2,1241,5227,2013,,Inactive,219950,177.24,2026-07-24T00:00:00.000Z,2026-07-28T00:00:00.000Z,2026-07-27T05:12:47.404Z,3,,,Elpaso,,,,,,,,,,,,,,2026-08-09
"402-Suleiman-Dr,-El-Paso,-TX-79932","402 Suleiman Dr, El Paso, TX 79932",79932,El Paso,31.87827,-106.608055,Single Family,5,1.5,3022,10019,2026,,Inactive,799000,264.39,2026-07-27T00:00:00.000Z,2026-07-28T00:00:00.000Z,2026-07-27T05:12:47.380Z,0,,,Elpaso,,,,,,,,,,,,,,2026-08-09
"3211-Findley-Ave,-Unit-Rear,-El-Paso,-TX-79905","3211 Findley Ave, Unit Rear, El Paso, TX 79905",79905,El Paso,31.769804,-106.456402,Single Family,2,1,998,2178,1969,,Inactive,82500,82.67,2026-06-26T00:00:00.000Z,2026-07-27T00:00:00.000Z,2026-07-26T09:46:03.529Z,30,,,Elpaso,,,,,,,,,,,,,,2026-08-09
"6605-Byron-St,-El-Paso,-TX-79904","6605 Byron St, El Paso, TX 79904",79904,El Paso,31.838348,-106.453188,Single Family,3,1,2139,9583,1968,,Inactive,289000,135.11,2026-06-30T00:00:00.000Z,2026-07-27T00:00:00.000Z,2026-07-26T09:35:47.353Z,26,,,Elpaso,,,,,,,,,,,,,,2026-08-09
"7409-Luz-De-Lumbre-Ave,-El-Paso,-TX-79912","7409 Luz De Lumbre Ave, El Paso, TX 79912",79912,El Paso,31.876951,-106.566996,Single Family,3,2,1446,5663,1998,,Inactive,329000,227.52,2026-07-11T00:00:00.000Z,2026-07-27T00:00:00.000Z,2026-07-26T09:13:29.252Z,15,,,Elpaso,,,,,,,,,,,,,,2026-08-09
"5804-Sundale-Rd,-El-Paso,-TX-79912","5804 Sundale Rd, El Paso, TX 79912",79912,El Paso,31.832421,-106.516207,Single Family,5,3,4176,13068,2006,,Inactive,829999,198.75,2026-07-17T00:00:00.000Z,2026-07-27T00:00:00.000Z,2026-07-26T08:33:37.667Z,9,,,Elpaso,,,,,,,,,,,,,,2026-08-09
"7450-Cimarron-Gap-Dr,-El-Paso,-TX-79911","7450 Cimarron Gap Dr, El Paso, TX 79911",79911,El Paso,31.894177,-106.56876,Single Family,4,3,2080,18295,2020,25,Inactive,555000,266.83,2026-07-23T00:00:00.000Z,2026-07-27T00:00:00.000Z,2026-07-26T06:12:39.814Z,3,,,Elpaso,,,,,,,,,,,,,,2026-08-09
"9160-Turrentine-Dr,-El-Paso,-TX-79925","9160 Turrentine Dr, El Paso, TX 79925",79925,El Paso,31.778149,-106.365877,Single Family,4,2,2176,9148,1968,,Inactive,455000,209.1,2026-07-23T00:00:00.000Z,2026-07-27T00:00:00.000Z,2026-07-26T06:12:39.809Z,3,,,Elpaso,,,,,,,,,,,,,,2026-08-09
"821-Harpendem-Dr,-El-Paso,-TX-79928","821 Harpendem Dr, El Paso, TX 79928",79928,El Paso,31.708911,-106.22555,Single Family,4,3,1811,7841,2026,60,Inactive,399950,220.84,2026-06-16T00:00:00.000Z,2026-07-26T00:00:00.000Z,2026-07-25T09:28:20.817Z,39,,,Elpaso,,,,,,,,,,,,,,2026-08-09
"1243-Franklin-Perch-Pl,-El-Paso,-TX-79912","1243 Franklin Perch Pl, El Paso, TX 79912",79912,El Paso,31.87142,-106.529578,Single Family,4,2,2585,10019,2007,,Inactive,540000,208.9,2026-06-23T00:00:00.000Z,2026-07-26T00:00:00.000Z,2026-07-25T09:28:20.706Z,32,,,Elpaso,,,,,,,,,,,,,,2026-08-09
"368-La-Mirada-Cir,-El-Paso,-TX-79932","368 La Mirada Cir, El Paso, TX 79932",79932,El Paso,31.856797,-106.590419,Single Family,3,2,1687,7405,1977,,Inactive,280000,165.98,2026-06-30T00:00:00.000Z,2026-07-26T00:00:00.000Z,2026-07-25T08:29:33.891Z,25,,,Elpaso,,,,,,,,,,,,,,2026-08-09
"4472-Loma-Diamante-Dr,-El-Paso,-TX-79934","4472 Loma Diamante Dr, El Paso, TX 79934",79934,El Paso,31.939685,-106.443303,Single Family,3,2,1477,5227,2001,,Inactive,235000,159.11,2026-07-16T00:00:00.000Z,2026-07-26T00:00:00.000Z,2026-07-25T05:31:06.926Z,9,,,Elpaso,,,,,,,,,,,,,,2026-08-09
"4949-Margarita-Talamantes,-El-Paso,-TX-79938","4949 Margarita Talamantes, El Paso, TX 79938",79938,El Paso,31.821718,-106.249519,Single Family,3,2,1372,4792,2014,,Inactive,219000,159.62,2026-07-20T00:00:00.000Z,2026-07-26T00:00:00.000Z,2026-07-25T05:31:06.836Z,5,,,Elpaso,,,,,,,,,,,,,,2026-08-09
"7310-Wilcox-Dr,-El-Paso,-TX-79915","7310 Wilcox Dr, El Paso, TX 79915",79915,El Paso,31.760005,-106.372256,Single Family,3,1,1024,6098,1955,,Inactive,185000,180.66,2026-07-19T00:00:00.000Z,2026-07-26T00:00:00.000Z,2026-07-25T05:31:06.833Z,6,,,Elpaso,,,,,,,,,,,,,,2026-08-09
"8021-Morley-Dr,-El-Paso,-TX-79925","8021 Morley Dr, El Paso, TX 79925",79925,El Paso,31.781498,-106.381385,Single Family,4,2,1970,7405,1965,,Inactive,295000,149.75,2026-06-11T00:00:00.000Z,2026-07-25T00:00:00.000Z,2026-07-24T10:08:11.692Z,43,,,Elpaso,,,,,,,,,,,,,,2026-08-09
"13672-Matfen-Ave,-El-Paso,-TX-79928","13672 Matfen Ave, El Paso, TX 79928",79928,El Paso,31.712148,-106.212243,Single Family,4,2,2080,5663,2019,,Inactive,310000,149.04,2026-06-18T00:00:00.000Z,2026-07-25T00:00:00.000Z,2026-07-24T09:48:02.703Z,36,,,Elpaso,,,,,,,,,,,,,,2026-08-09
"1273-Southwestern-Dr,-El-Paso,-TX-79912","1273 Southwestern Dr, El Paso, TX 79912",79912,El Paso,31.870682,-106.571305,Single Family,3,2,2114,6098,1981,,Inactive,270000,127.72,2026-06-19T00:00:00.000Z,2026-07-25T00:00:00.000Z,2026-07-24T09:48:02.679Z,35,,,Elpaso,,,,,,,,,,,,,,2026-08-09
"5601-Homer-Cir,-El-Paso,-TX-79904","5601 Homer Cir, El Paso, TX 79904",79904,El Paso,31.829142,-106.441518,Single Family,3,1,1022,6098,1949,,Inactive,149900,146.67,2026-06-20T00:00:00.000Z,2026-07-25T00:00:00.000Z,2026-07-24T09:35:18.749Z,34,,,Elpaso,,,,,,,,,,,,,,2026-08-09
"1407-Luz-De-Camino-Way,-El-Paso,-TX-79912","1407 Luz De Camino Way, El Paso, TX 79912",79912,El Paso,31.877345,-106.564429,Single Family,3,2.5,1724,6098,1996,,Inactive,270000,156.61,2026-07-02T00:00:00.000Z,2026-07-25T00:00:00.000Z,2026-07-24T08:59:14.329Z,22,,,Elpaso,,,,,,,,,,,,,,2026-08-09
"2420-Hawley-Cir,-El-Paso,-TX-79903","2420 Hawley Cir, El Paso, TX 79903",79903,El Paso,31.796458,-106.432,Single Family,2,1,1956,7841,1950,,Inactive,159000,81.29,2026-07-01T00:00:00.000Z,2026-07-25T00:00:00.000Z,2026-07-24T08:59:14.302Z,23,,,Elpaso,,,,,,,,,,,,,,2026-08-09
"10944-Coyote-Ranch-Ln,-El-Paso,-TX-79934","10944 Coyote Ranch Ln, El Paso, TX 79934",79934,El Paso,31.932031,-106.426893,Single Family,4,2.5,2151,6098,2013,,Inactive,299950,139.45,2026-07-10T00:00:00.000Z,2026-07-25T00:00:00.000Z,2026-07-24T08:48:06.774Z,14,,,Elpaso,,,,,,,,,,,,,,2026-08-09
"10701-Kinross-Ave,-El-Paso,-TX-79935","10701 Kinross Ave, El Paso, TX 79935",79935,El Paso,31.785883,-106.328038,Single Family,3,2,1916,10019,1976,,Inactive,280000,146.14,2026-07-11T00:00:00.000Z,2026-07-25T00:00:00.000Z,2026-07-24T07:49:37.363Z,13,,,Elpaso,,,,,,,,,,,,,,2026-08-09
"3524-Tierra-Bahia-Dr,-El-Paso,-TX-79938","3524 Tierra Bahia Dr, El Paso, TX 79938",79938,El Paso,31.793414,-106.23711,Single Family,4,2.5,2817,6098,2006,,Inactive,285000,101.17,2026-07-14T00:00:00.000Z,2026-07-25T00:00:00.000Z,2026-07-24T07:49:37.345Z,10,,,Elpaso,,,,,,,,,,,,,,2026-08-09
"1412-Kokopelli-Way,-El-Paso,-TX-79912","1412 Kokopelli Way, El Paso, TX 79912",79912,El Paso,31.878444,-106.545468,Single Family,4,2.5,1898,6534,2001,,Inactive,339900,179.08,2026-07-16T00:00:00.000Z,2026-07-25T00:00:00.000Z,2026-07-24T06:18:38.992Z,8,,,Elpaso,,,,,,,,,,,,,,2026-08-09
"3616-Sandy-Plateau-Cir,-El-Paso,-TX-79936","3616 Sandy Plateau Cir, El Paso, TX 79936",79936,El Paso,31.796875,-106.287527,Single Family,3,2,1568,4792,2003,,Inactive,235000,149.87,2026-07-16T00:00:00.000Z,2026-07-25T00:00:00.000Z,2026-07-24T06:18:38.850Z,8,,,Elpaso,,,,,,,,,,,,,,2026-08-09
"708-Istanbul-Dr,-El-Paso,-TX-79907","708 Istanbul Dr, El Paso, TX 79907",79907,El Paso,31.722355,-106.328468,Single Family,3,2,1511,5227,1999,,Inactive,234900,155.46,2026-07-17T00:00:00.000Z,2026-07-25T00:00:00.000Z,2026-07-24T06:18:38.833Z,7,,,Elpaso,,,,,,,,,,,,,,2026-08-09
"1512-Elm-St,-El-Paso,-TX-79930","1512 Elm St, El Paso, TX 79930",79930,El Paso,31.789203,-106.462117,Single Family,3,2,1706,6098,1930,,Inactive,275000,161.2,2026-07-20T00:00:00.000Z,2026-07-25T00:00:00.000Z,2026-07-24T05:37:17.412Z,4,,,Elpaso,,,,,,,,,,,,,,2026-08-09
"429-Irondale-Dr,-Apt-A,-El-Paso,-TX-79912","429 Irondale Dr, Apt A, El Paso, TX 79912",79912,El Paso,31.832588,-106.512405,Townhouse,2,2.5,1304,129373,1980,235,Inactive,198000,151.84,2026-07-21T00:00:00.000Z,2026-07-25T00:00:00.000Z,2026-07-24T05:37:17.402Z,3,,,Elpaso,,,,,,,,,,,,,,2026-08-09
"12628-Arrow-Weed-Dr,-El-Paso,-TX-79928","12628 Arrow Weed Dr, El Paso, TX 79928",79928,El Paso,31.738886,-106.252798,Single Family,4,2.5,3067,7841,2018,,Inactive,469950,153.23,2026-07-22T00:00:00.000Z,2026-07-25T00:00:00.000Z,2026-07-24T05:37:17.368Z,2,,,Elpaso,,,,,,,,,,,,,,2026-08-09
"215-Hermosa-Ln,-El-Paso,-TX-79922","215 Hermosa Ln, El Paso, TX 79922",79922,El Paso,31.826656,-106.573495,Single Family,3,2,2877,15246,1949,,Inactive,285000,99.06,2026-07-22T00:00:00.000Z,2026-07-25T00:00:00.000Z,2026-07-24T05:37:17.351Z,2,,,Elpaso,,,,,,,,,,,,,,2026-08-09
"937-Ada-Ln,-El-Paso,-TX-79932","937 Ada Ln, El Paso, TX 79932",79932,El Paso,31.87247,-106.624005,Single Family,4,2.5,1750,6098,2026,100,Inactive,380000,217.14,2026-06-11T00:00:00.000Z,2026-07-24T00:00:00.000Z,2026-07-23T09:26:54.666Z,42,,,Elpaso,,,,,,,,,,,,,,2026-08-09
"5329-Olan-Ct,-El-Paso,-TX-79924","5329 Olan Ct, El Paso, TX 79924",79924,El Paso,31.884081,-106.414785,Single Family,3,1,995,6970,1958,,Inactive,174500,175.38,2026-06-16T00:00:00.000Z,2026-07-24T00:00:00.000Z,2026-07-23T09:00:21.675Z,37,,,Elpaso,,,,,,,,,,,,,,2026-08-09
"3469-Buffalo-Soldier-Cir,-El-Paso,-TX-79936","3469 Buffalo Soldier Cir, El Paso, TX 79936",79936,El Paso,31.79368,-106.301671,Single Family,3,2,1266,5227,1997,,Inactive,211500,167.06,2026-06-19T00:00:00.000Z,2026-07-24T00:00:00.000Z,2026-07-23T08:40:19.763Z,34,,,Elpaso,,,,,,,,,,,,,,2026-08-09
"4704-Marisabel-Azcarate-St,-El-Paso,-TX-79938","4704 Marisabel Azcarate St, El Paso, TX 79938",79938,El Paso,31.81809,-106.234417,Single Family,3,1,1716,9148,2021,,Inactive,268000,156.18,2026-06-22T00:00:00.000Z,2026-07-24T00:00:00.000Z,2026-07-23T08:40:19.702Z,31,,,Elpaso,,,,,,,,,,,,,,2026-08-09
"10708-Tony-Jacklin-Dr,-El-Paso,-TX-79935","10708 Tony Jacklin Dr, El Paso, TX 79935",79935,El Paso,31.779893,-106.326089,Single Family,3,2,1578,7405,1975,,Inactive,229900,145.69,2026-06-27T00:00:00.000Z,2026-07-24T00:00:00.000Z,2026-07-23T08:14:53.469Z,26,,,Elpaso,,,,,,,,,,,,,,2026-08-09
"12245-Desert-Cliff-Ct,-El-Paso,-TX-79938","12245 Desert Cliff Ct, El Paso, TX 79938",79938,El Paso,31.819663,-106.261453,Single Family,3,2,1626,5227,2022,,Inactive,270000,166.05,2026-07-01T00:00:00.000Z,2026-07-24T00:00:00.000Z,2026-07-23T08:14:53.424Z,22,,,Elpaso,,,,,,,,,,,,,,2026-08-09
"3197-Mansour-Farah-St,-El-Paso,-TX-79938","3197 Mansour Farah St, El Paso, TX 79938",79938,El Paso,31.823282,-106.244346,Single Family,4,3,2018,6534,2017,,Inactive,279950,138.73,2026-06-30T00:00:00.000Z,2026-07-24T00:00:00.000Z,2026-07-23T08:14:53.421Z,23,,,Elpaso,,,,,,,,,,,,,,2026-08-09
"953-Mallett-St,-El-Paso,-TX-79907","953 Mallett St, El Paso, TX 79907",79907,El Paso,31.732862,-106.328489,Multi-Family,4,3,1519,6534,1970,,Inactive,264000,173.8,2026-07-01T00:00:00.000Z,2026-07-24T00:00:00.000Z,2026-07-23T08:14:53.413Z,22,,,Elpaso,,,,,,,,,,,,,,2026-08-09
"4006-Flamingo-Dr,-El-Paso,-TX-79902","4006 Flamingo Dr, El Paso, TX 79902",79902,El Paso,31.793926,-106.502167,Single Family,5,5,4251,10890,1956,,Inactive,929900,218.75,2026-06-30T00:00:00.000Z,2026-07-24T00:00:00.000Z,2026-07-23T08:14:53.412Z,23,,,Elpaso,,,,,,,,,,,,,,2026-08-09
"7117-Night-Hawk-Dr,-El-Paso,-TX-79912","7117 Night Hawk Dr, El Paso, TX 79912",79912,El Paso,31.869224,-106.554118,Single Family,3,2.5,1561,5663,1994,,Inactive,280000,179.37,2026-07-01T00:00:00.000Z,2026-07-24T00:00:00.000Z,2026-07-23T08:14:53.391Z,22,,,Elpaso,,,,,,,,,,,,,,2026-08-09
"11940-Jim-Webb-Dr,-El-Paso,-TX-79934","11940 Jim Webb Dr, El Paso, TX 79934",79934,El Paso,31.954629,-106.362905,Single Family,3,2,1041,4792,2009,,Inactive,184950,177.67,2026-07-06T00:00:00.000Z,2026-07-24T00:00:00.000Z,2026-07-23T08:01:06.462Z,17,,,Elpaso,,,,,,,,,,,,,,2026-08-09
"961-Crooked-River-Dr,-El-Paso,-TX-79932","961 Crooked River Dr, El Paso, TX 79932",79932,El Paso,31.879967,-106.623623,Single Family,4,2,1929,8276,2021,,Inactive,349000,180.92,2026-07-14T00:00:00.000Z,2026-07-24T00:00:00.000Z,2026-07-23T07:03:24.274Z,9,,,Elpaso,,,,,,,,,,,,,,2026-08-09
"2121-Greenlee-Dr,-El-Paso,-TX-79936","2121 Greenlee Dr, El Paso, TX 79936",79936,El Paso,31.772491,-106.296498,Single Family,4,2.5,2292,10454,1990,,Inactive,349997,152.7,2026-07-16T00:00:00.000Z,2026-07-24T00:00:00.000Z,2026-07-23T07:03:24.203Z,7,,,Elpaso,,,,,,,,,,,,,,2026-08-09
"5884-Valle-Sonar-Ave,-El-Paso,-TX-79932","5884 Valle Sonar Ave, El Paso, TX 79932",79932,El Paso,31.867793,-106.624405,Single Family,3,2.5,2605,10890,2018,,Inactive,510000,195.78,2026-07-17T00:00:00.000Z,2026-07-24T00:00:00.000Z,2026-07-23T07:03:24.181Z,6,,,Elpaso,,,,,,,,,,,,,,2026-08-09
"15120-Design-Ct,-El-Paso,-TX-79938","15120 Design Ct, El Paso, TX 79938",79938,El Paso,31.801555,-106.194638,Single Family,4,2,1538,5227,2021,,Inactive,258850,168.3,2026-07-17T00:00:00.000Z,2026-07-24T00:00:00.000Z,2026-07-23T07:03:24.158Z,6,,,Elpaso,,,,,,,,,,,,,,2026-08-09
"300-Corte-Rimini-Way,-El-Paso,-TX-79932","300 Corte Rimini Way, El Paso, TX 79932",79932,El Paso,31.883509,-106.601073,Single Family,3,2,1917,12197,2006,8,Inactive,380000,198.23,2026-07-17T00:00:00.000Z,2026-07-24T00:00:00.000Z,2026-07-23T07:03:24.152Z,6,,,Elpaso,,,,,,,,,,,,,,2026-08-09
"12300-Anson-Mills-Way,-El-Paso,-TX-79934","12300 Anson Mills Way, El Paso, TX 79934",79934,El Paso,31.964916,-106.352158,Single Family,4,1,1675,5227,2025,,Inactive,299500,178.81,2026-07-20T00:00:00.000Z,2026-07-24T00:00:00.000Z,2026-07-23T06:34:34.881Z,3,,,Elpaso,,,,,,,,,,,,,,2026-08-09
"10615-Kinross-Ave,-El-Paso,-TX-79935","10615 Kinross Ave, El Paso, TX 79935",79935,El Paso,31.787941,-106.33119,Multi-Family,3,1,1061,5663,1976,,Inactive,180000,169.65,2026-07-21T00:00:00.000Z,2026-07-24T00:00:00.000Z,2026-07-23T06:34:34.865Z,2,,,Elpaso,,,,,,,,,,,,,,2026-08-09
"13976-Thunder-Sky-Ave,-El-Paso,-TX-79928","13976 Thunder Sky Ave, El Paso, TX 79928",79928,El Paso,31.722597,-106.203228,Single Family,4,2,1980,5663,2026,,Inactive,302990,153.03,2026-07-02T00:00:00.000Z,2026-07-23T00:00:00.000Z,2026-07-22T07:06:20.308Z,20,,,Elpaso,,,,,,,,,,,,,,2026-08-09
"14740-Cactus-Breeze-Way,-El-Paso,-TX-79928","14740 Cactus Breeze Way, El Paso, TX 79928",79928,El Paso,31.685929,-106.165585,Single Family,4,2.5,2048,5227,2026,,Inactive,310200,151.46,2026-07-03T00:00:00.000Z,2026-07-23T00:00:00.000Z,2026-07-22T07:06:20.294Z,19,Desert View Homes,Desert Breeze,,,,,,,,,,,,,,,2026-08-09
"6933-Copper-Town-Dr,-El-Paso,-TX-79934","6933 Copper Town Dr, El Paso, TX 79934",79934,El Paso,31.960603,-106.375698,Single Family,5,2.5,2262,4792,2019,,Inactive,299950,132.6,2026-07-05T00:00:00.000Z,2026-07-23T00:00:00.000Z,2026-07-22T07:06:20.269Z,17,,,Elpaso,,,,,,,,,,,,,,2026-08-09
"1468-Gene-Torres-Dr,-El-Paso,-TX-79936","1468 Gene Torres Dr, El Paso, TX 79936",79936,El Paso,31.740275,-106.29581,Single Family,4,2,1688,5227,1989,,Inactive,255000,151.07,2026-07-10T00:00:00.000Z,2026-07-23T00:00:00.000Z,2026-07-22T06:55:59.080Z,12,,,Elpaso,,,,,,,,,,,,,,2026-08-09
"10329-Mccombs-St,-El-Paso,-TX-79924","10329 Mccombs St, El Paso, TX 79924",79924,El Paso,31.911412,-106.407585,Single Family,3,1,1179,7841,1958,,Inactive,179000,151.82,2026-07-10T00:00:00.000Z,2026-07-23T00:00:00.000Z,2026-07-22T06:55:59.029Z,12,,,Elpaso,,,,,,,,,,,,,,2026-08-09
"6697-Legacy-Ridge-Way,-El-Paso,-TX-79912","6697 Legacy Ridge Way, El Paso, TX 79912",79912,El Paso,31.877614,-106.541608,Single Family,4,2.5,2738,10890,2002,,Inactive,585000,213.66,2026-07-13T00:00:00.000Z,2026-07-23T00:00:00.000Z,2026-07-22T05:27:25.701Z,9,,,Elpaso,,,,,,,,,,,,,,2026-08-09
"6620-El-Poste-Ct,-El-Paso,-TX-79912","6620 El Poste Ct, El Paso, TX 79912",79912,El Paso,31.862401,-106.541691,Single Family,4,3,2313,7405,1996,,Inactive,425000,183.74,2026-07-14T00:00:00.000Z,2026-07-23T00:00:00.000Z,2026-07-22T05:27:25.687Z,8,,,Elpaso,,,,,,,,,,,,,,2026-08-09
"6295-Casper-Ridge-Dr,-El-Paso,-TX-79912","6295 Casper Ridge Dr, El Paso, TX 79912",79912,El Paso,31.878773,-106.530587,Single Family,4,2,2630,10454,2016,,Inactive,565000,214.83,2026-07-14T00:00:00.000Z,2026-07-23T00:00:00.000Z,2026-07-22T05:27:25.633Z,8,,,Elpaso,,,,,,,,,,,,,,2026-08-09
"12322-Wills-Crescent-Ct,-El-Paso,-TX-79928","12322 Wills Crescent Ct, El Paso, TX 79928",79928,El Paso,31.706422,-106.25751,Single Family,4,2,2144,6534,2017,,Inactive,389000,181.44,2026-07-16T00:00:00.000Z,2026-07-23T00:00:00.000Z,2026-07-22T05:27:25.629Z,6,,,Elpaso,,,,,,,,,,,,,,2026-08-09
"7561-Mazatlan-Dr,-El-Paso,-TX-79915","7561 Mazatlan Dr, El Paso, TX 79915",79915,El Paso,31.750573,-106.359085,Single Family,3,2,1261,7405,1952,,Inactive,199950,158.56,2026-07-16T00:00:00.000Z,2026-07-23T00:00:00.000Z,2026-07-22T05:27:25.619Z,6,,,Elpaso,,,,,,,,,,,,,,2026-08-09
"14256-Star-Cactus,-El-Paso,-TX-79928","14256 Star Cactus, El Paso, TX 79928",79928,El Paso,31.6518439,-106.1900736,Single Family,3,2,1067,,,,Inactive,216800,203.19,2026-07-20T00:00:00.000Z,2026-07-23T00:00:00.000Z,2026-07-22T05:14:56.987Z,2,Desert View Homes,Rancho Desierto Bello,,,,,,,,,,,,,,,2026-08-09
"7632-Iroquois-Dr,-El-Paso,-TX-79912","7632 Iroquois Dr, El Paso, TX 79912",79912,El Paso,31.867843,-106.571166,Single Family,3,1,1453,6534,1983,,Inactive,259900,178.87,2026-07-17T00:00:00.000Z,2026-07-23T00:00:00.000Z,2026-07-22T05:14:56.978Z,5,,,Elpaso,,,,,,,,,,,,,,2026-08-09
"212-Manuel-Dr,-El-Paso,-TX-79907","212 Manuel Dr, El Paso, TX 79907",79907,El Paso,31.704168,-106.33448,Single Family,3,1,1128,6098,1970,,Inactive,180000,159.57,2026-07-17T00:00:00.000Z,2026-07-23T00:00:00.000Z,2026-07-22T05:14:56.964Z,5,,,Elpaso,,,,,,,,,,,,,,2026-08-09
"7560-Wolf-Creek-Dr,-El-Paso,-TX-79911","7560 Wolf Creek Dr, El Paso, TX 79911",79911,El Paso,31.91385,-106.571638,Single Family,4,2,1821,6534,2015,7,Inactive,330000,181.22,2026-07-18T00:00:00.000Z,2026-07-23T00:00:00.000Z,2026-07-22T05:14:56.924Z,4,,,Elpaso,,,,,,,,,,,,,,2026-08-09
"51106-Sand-Verbena-Ave,-El-Paso,-TX-79934","51106 Sand Verbena Ave, El Paso, TX 79934",79934,El Paso,31.95305,-106.410078,Single Family,4,3,1875,5663,2023,29,Inactive,309950,165.31,2026-06-18T00:00:00.000Z,2026-07-22T00:00:00.000Z,2026-07-21T09:42:00.863Z,33,,,Elpaso,,,,,,,,,,,,,,2026-08-09
"8613-Gazelle-Dr,-El-Paso,-TX-79925","8613 Gazelle Dr, El Paso, TX 79925",79925,El Paso,31.778649,-106.374949,Single Family,3,1,1425,7841,1968,,Inactive,200000,140.35,2026-06-25T00:00:00.000Z,2026-07-22T00:00:00.000Z,2026-07-21T09:30:48.519Z,26,,,Elpaso,,,,,,,,,,,,,,2026-08-09
"6553-Geyser-Dr,-El-Paso,-TX-79932","6553 Geyser Dr, El Paso, TX 79932",79932,El Paso,31.89066,-106.587623,Single Family,4,2.5,2235,6970,2017,,Inactive,350000,156.6,2026-06-27T00:00:00.000Z,2026-07-22T00:00:00.000Z,2026-07-21T09:30:48.460Z,24,,,Elpaso,,,,,,,,,,,,,,2026-08-09
"12240-Tierra-Cadena-Dr,-El-Paso,-TX-79938","12240 Tierra Cadena Dr, El Paso, TX 79938",79938,El Paso,31.801932,-106.26479,Single Family,3,2,1328,4356,2004,,Inactive,199900,150.53,2026-07-03T00:00:00.000Z,2026-07-22T00:00:00.000Z,2026-07-21T09:19:16.731Z,18,,,Elpaso,,,,,,,,,,,,,,2026-08-09
"4764-Loma-De-Cobre-Dr,-El-Paso,-TX-79934","4764 Loma De Cobre Dr, El Paso, TX 79934",79934,El Paso,31.932691,-106.434055,Single Family,3,2.5,1781,6534,1994,,Inactive,230000,129.14,2026-07-09T00:00:00.000Z,2026-07-22T00:00:00.000Z,2026-07-21T08:53:06.192Z,12,,,Elpaso,,,,,,,,,,,,,,2026-08-09
"10804-Sapphire-St,-El-Paso,-TX-79924","10804 Sapphire St, El Paso, TX 79924",79924,El Paso,31.926693,-106.385848,Single Family,3,2,1068,6098,1979,,Inactive,179000,167.6,2026-07-11T00:00:00.000Z,2026-07-22T00:00:00.000Z,2026-07-21T08:53:06.128Z,10,,,Elpaso,,,,,,,,,,,,,,2026-08-09
"5552-Gustavo-Madrid-Ln,-El-Paso,-TX-79934","5552 Gustavo Madrid Ln, El Paso, TX 79934",79934,El Paso,31.939298,-106.412556,Single Family,3,2,1860,6098,2007,,Inactive,279999,150.54,2026-07-13T00:00:00.000Z,2026-07-22T00:00:00.000Z,2026-07-21T06:54:47.407Z,8,,,Elpaso,,,,,,,,,,,,,,2026-08-09
"9101-Turrentine-Dr,-El-Paso,-TX-79925","9101 Turrentine Dr, El Paso, TX 79925",79925,El Paso,31.781078,-106.368057,Single Family,4,1,2310,9148,1967,,Inactive,315000,136.36,2026-07-15T00:00:00.000Z,2026-07-22T00:00:00.000Z,2026-07-21T06:54:47.335Z,6,,,Elpaso,,,,,,,,,,,,,,2026-08-09
"10824-Gloster-Ct,-El-Paso,-TX-79935","10824 Gloster Ct, El Paso, TX 79935",79935,El Paso,31.788989,-106.324834,Single Family,4,2,1470,6970,1975,,Inactive,235000,159.86,2026-07-16T00:00:00.000Z,2026-07-22T00:00:00.000Z,2026-07-21T05:17:43.847Z,5,,,Elpaso,,,,,,,,,,,,,,2026-08-09
"2383-Enchanted-Nook-Dr,-El-Paso,-TX-79911","2383 Enchanted Nook Dr, El Paso, TX 79911",79911,El Paso,31.921749,-106.566704,Single Family,5,3.5,2640,7841,2022,,Inactive,479999,181.82,2026-07-17T00:00:00.000Z,2026-07-22T00:00:00.000Z,2026-07-21T05:17:43.825Z,4,,,Elpaso,,,,,,,,,,,,,,2026-08-09
"4009-Las-Vegas-Dr,-El-Paso,-TX-79902","4009 Las Vegas Dr, El Paso, TX 79902",79902,El Paso,31.794383,-106.50212,Single Family,4,1,2548,12197,1957,,Inactive,699000,274.33,2026-07-17T00:00:00.000Z,2026-07-22T00:00:00.000Z,2026-07-21T05:17:43.806Z,4,,,Elpaso,,,,,,,,,,,,,,2026-08-09
"2101-E-Glen-Dr,-El-Paso,-TX-79936","2101 E Glen Dr, El Paso, TX 79936",79936,El Paso,31.772216,-106.303841,Single Family,3,2,2068,7405,1987,,Inactive,260000,125.73,2026-07-17T00:00:00.000Z,2026-07-22T00:00:00.000Z,2026-07-21T05:17:43.792Z,4,,,Elpaso,,,,,,,,,,,,,,2026-08-09
"1510-N-Brown-St,-El-Paso,-TX-79902","1510 N Brown St, El Paso, TX 79902",79902,El Paso,31.775275,-106.485103,Single Family,3,2,1485,6098,1950,,Inactive,224999,151.51,2026-06-12T00:00:00.000Z,2026-07-21T00:00:00.000Z,2026-07-20T10:03:01.993Z,38,,,Elpaso,,,,,,,,,,,,,,2026-08-09
"3340-Tierra-Nevada-Dr,-El-Paso,-TX-79938","3340 Tierra Nevada Dr, El Paso, TX 79938",79938,El Paso,31.792205,-106.255042,Single Family,3,2.5,2126,5663,2003,,Inactive,273000,128.41,2026-06-13T00:00:00.000Z,2026-07-21T00:00:00.000Z,2026-07-20T10:03:01.955Z,37,,,Elpaso,,,,,,,,,,,,,,2026-08-09
"3708-Morehead-Ave,-El-Paso,-TX-79930","3708 Morehead Ave, El Paso, TX 79930",79930,El Paso,31.806609,-106.448914,Single Family,3,1,1688,6098,1925,,Inactive,325000,192.54,2026-06-17T00:00:00.000Z,2026-07-21T00:00:00.000Z,2026-07-20T09:49:08.558Z,33,,,Elpaso,,,,,,,,,,,,,,2026-08-09
"4020-Loma-Dante-Dr,-El-Paso,-TX-79938","4020 Loma Dante Dr, El Paso, TX 79938",79938,El Paso,31.803057,-106.217172,Single Family,4,3.5,2616,6534,2016,,Inactive,369900,141.4,2026-06-20T00:00:00.000Z,2026-07-21T00:00:00.000Z,2026-07-20T09:49:08.523Z,30,,,Elpaso,,,,,,,,,,,,,,2026-08-09
"7116-Orange-Tree-Ln,-El-Paso,-TX-79915","7116 Orange Tree Ln, El Paso, TX 79915",79915,El Paso,31.74984,-106.393517,Single Family,4,1.5,2100,6098,1966,,Inactive,249900,119.0,2026-06-23T00:00:00.000Z,2026-07-21T00:00:00.000Z,2026-07-20T09:49:08.510Z,27,,,Elpaso,,,,,,,,,,,,,,2026-08-09
"350-Thunderbird-Dr,-Apt-70,-El-Paso,-TX-79912","350 Thunderbird Dr, Apt 70, El Paso, TX 79912",79912,El Paso,31.836394,-106.527884,Condo,1,1,1082,202990,1964,521,Inactive,169995,157.11,2026-06-30T00:00:00.000Z,2026-07-21T00:00:00.000Z,2026-07-20T09:35:09.869Z,20,,,Elpaso,,,,,,,,,,,,,,2026-08-09
"6205-Llano-Way,-El-Paso,-TX-79904","6205 Llano Way, El Paso, TX 79904",79904,El Paso,31.833858,-106.457008,Single Family,6,3,3556,16988,1968,,Inactive,475000,133.58,2026-07-03T00:00:00.000Z,2026-07-21T00:00:00.000Z,2026-07-20T09:14:06.699Z,17,,,Elpaso,,,,,,,,,,,,,,2026-08-09
"3817-Fred-Wilson-Ave,-El-Paso,-TX-79904","3817 Fred Wilson Ave, El Paso, TX 79904",79904,El Paso,31.82604,-106.447216,Single Family,2,1,768,6098,1950,,Inactive,154900,201.69,2026-07-03T00:00:00.000Z,2026-07-21T00:00:00.000Z,2026-07-20T09:14:06.686Z,17,,,Elpaso,,,,,,,,,,,,,,2026-08-09
"3404-Rivera-Ave,-El-Paso,-TX-79905","3404 Rivera Ave, El Paso, TX 79905",79905,El Paso,31.771059,-106.453488,Single Family,3,1,1395,10454,1916,,Inactive,117000,83.87,2026-07-05T00:00:00.000Z,2026-07-21T00:00:00.000Z,2026-07-20T09:14:06.606Z,15,,,Elpaso,,,,,,,,,,,,,,2026-08-09
"3460-Running-Deer-Dr,-El-Paso,-TX-79936","3460 Running Deer Dr, El Paso, TX 79936",79936,El Paso,31.793808,-106.306979,Single Family,3,2,1401,7405,1979,,Inactive,240000,171.31,2026-07-07T00:00:00.000Z,2026-07-21T00:00:00.000Z,2026-07-20T09:14:06.591Z,13,,,Elpaso,,,,,,,,,,,,,,2026-08-09
"3620-Notion-Pl,-El-Paso,-TX-79938","3620 Notion Pl, El Paso, TX 79938",79938,El Paso,31.773609,-106.208034,Single Family,4,2.5,2296,6098,2021,,Inactive,289500,126.09,2026-07-08T00:00:00.000Z,2026-07-21T00:00:00.000Z,2026-07-20T07:25:10.552Z,12,,,Elpaso,,,,,,,,,,,,,,2026-08-09
"13493-Coldham-St,-El-Paso,-TX-79928","13493 Coldham St, El Paso, TX 79928",79928,El Paso,31.711652,-106.224471,Single Family,4,1,1581,5227,2020,,Inactive,259900,164.39,2026-07-10T00:00:00.000Z,2026-07-21T00:00:00.000Z,2026-07-20T07:25:10.520Z,10,,,Elpaso,,,,,,,,,,,,,,2026-08-09
"3700-Grand-Bahamas-Dr,-El-Paso,-TX-79936","3700 Grand Bahamas Dr, El Paso, TX 79936",79936,El Paso,31.801554,-106.285658,Single Family,3,2,1444,4356,2012,105,Inactive,215000,148.89,2026-07-13T00:00:00.000Z,2026-07-21T00:00:00.000Z,2026-07-20T06:49:04.686Z,7,,,Elpaso,,,,,,,,,,,,,,2026-08-09
"743-Moffat-Ln,-El-Paso,-TX-79912","743 Moffat Ln, El Paso, TX 79912",79912,El Paso,31.854287,-106.558268,Single Family,3,2,1385,5663,1989,,Inactive,250000,180.51,2026-07-12T00:00:00.000Z,2026-07-21T00:00:00.000Z,2026-07-20T06:49:04.560Z,8,,,Elpaso,,,,,,,,,,,,,,2026-08-09
"1690-Hough-Way,-El-Paso,-TX-79911","1690 Hough Way, El Paso, TX 79911",79911,El Paso,31.890089,-106.563689,Single Family,4,3,2996,13939,2014,21,Inactive,794999,265.35,2026-07-12T00:00:00.000Z,2026-07-21T00:00:00.000Z,2026-07-20T06:49:04.555Z,8,,,Elpaso,,,,,,,,,,,,,,2026-08-09
"417-Indian-Bluff-Rd,-El-Paso,-TX-79912","417 Indian Bluff Rd, El Paso, TX 79912",79912,El Paso,31.833253,-106.52207,Single Family,4,2.5,2744,12632,1963,,Inactive,469000,170.92,2026-07-15T00:00:00.000Z,2026-07-21T00:00:00.000Z,2026-07-20T06:49:04.539Z,5,,,Elpaso,,,,,,,,,,,,,,2026-08-09
"2325-Rory-Way,-El-Paso,-TX-79911","2325 Rory Way, El Paso, TX 79911",79911,El Paso,31.919074,-106.565998,Single Family,3,2.5,2008,5227,2021,100,Inactive,409000,203.69,2026-07-14T00:00:00.000Z,2026-07-21T00:00:00.000Z,2026-07-20T06:49:04.480Z,6,,,Elpaso,,,,,,,,,,,,,,2026-08-09
"11544-Stockmeyer-Dr,-El-Paso,-TX-79936","11544 Stockmeyer Dr, El Paso, TX 79936",79936,El Paso,31.77981,-106.291519,Single Family,3,2,1230,5663,1992,,Inactive,219000,178.05,2026-07-16T00:00:00.000Z,2026-07-21T00:00:00.000Z,2026-07-20T06:45:08.572Z,4,,,Elpaso,,,,,,,,,,,,,,2026-08-09
"2900-Cabot-Pl,-El-Paso,-TX-79935","2900 Cabot Pl, El Paso, TX 79935",79935,El Paso,31.78161,-106.333657,Single Family,3,2,1996,7405,1977,,Inactive,320000,160.32,2026-07-16T00:00:00.000Z,2026-07-21T00:00:00.000Z,2026-07-20T06:45:08.561Z,4,,,Elpaso,,,,,,,,,,,,,,2026-08-09
"6552-Isla-Del-Rey-Dr,-El-Paso,-TX-79912","6552 Isla Del Rey Dr, El Paso, TX 79912",79912,El Paso,31.861587,-106.537832,Single Family,4,2,2696,8276,2001,,Inactive,428000,158.75,2026-07-16T00:00:00.000Z,2026-07-21T00:00:00.000Z,2026-07-20T06:45:08.541Z,4,,,Elpaso,,,,,,,,,,,,,,2026-08-09
"3921-Tierra-Lana-Way,-El-Paso,-TX-79938","3921 Tierra Lana Way, El Paso, TX 79938",79938,El Paso,31.803358,-106.261566,Single Family,3,2,1704,9148,2005,,Inactive,228000,133.8,2026-07-17T00:00:00.000Z,2026-07-21T00:00:00.000Z,2026-07-20T06:45:08.499Z,3,,,Elpaso,,,,,,,,,,,,,,2026-08-09
"11376-Lake-Erie-Dr,-El-Paso,-TX-79936","11376 Lake Erie Dr, El Paso, TX 79936",79936,El Paso,31.770916,-106.29796,Single Family,3,1.5,1029,3049,1986,,Inactive,148888,144.69,2026-07-17T00:00:00.000Z,2026-07-21T00:00:00.000Z,2026-07-20T06:45:08.491Z,3,,,Elpaso,,,,,,,,,,,,,,2026-08-09
"12828-Carefree-Ave,-El-Paso,-TX-79928","12828 Carefree Ave, El Paso, TX 79928",79928,El Paso,31.722833,-106.245463,Single Family,4,1,1675,6534,2026,,Inactive,284950,170.12,2026-07-18T00:00:00.000Z,2026-07-21T00:00:00.000Z,2026-07-20T06:45:08.462Z,2,,,Elpaso,,,,,,,,,,,,,,2026-08-09
"1532-Snowy-Plover-St,-El-Paso,-TX-79928","1532 Snowy Plover St, El Paso, TX 79928",79928,El Paso,31.738997,-106.258309,Single Family,3,2,1788,6970,2012,,Inactive,260000,145.41,2026-06-12T00:00:00.000Z,2026-07-20T00:00:00.000Z,2026-07-19T07:26:02.316Z,37,,,Elpaso,,,,,,,,,,,,,,2026-08-09
"Pn398010-Dellaworton-Pl,-El-Paso,-TX-79928","Pn398010 Dellaworton Pl, El Paso, TX 79928",79928,El Paso,31.726844,-106.214193,Land,,,,10454,,,Inactive,34850,,2026-06-16T00:00:00.000Z,2026-07-20T00:00:00.000Z,2026-07-19T07:23:29.153Z,33,,,Elpaso,,,,,,,,,,,,,,2026-08-09
"12039-Equestrian-Rd,-El-Paso,-TX-79928","12039 Equestrian Rd, El Paso, TX 79928",79928,El Paso,31.696887,-106.26526,Single Family,4,3,1845,5663,2014,,Inactive,300000,162.6,2026-06-27T00:00:00.000Z,2026-07-20T00:00:00.000Z,2026-07-19T07:21:59.317Z,22,,,Elpaso,,,,,,,,,,,,,,2026-08-09
"13116-Red-Cove-Dr,-El-Paso,-TX-79938","13116 Red Cove Dr, El Paso, TX 79938",79938,El Paso,31.770199,-106.237438,Single Family,4,2.5,2254,5663,2016,,Inactive,310000,137.53,2026-07-03T00:00:00.000Z,2026-07-20T00:00:00.000Z,2026-07-19T07:11:54.804Z,16,,,Elpaso,,,,,,,,,,,,,,2026-08-09
"14040-Jason-Crandall-Dr,-El-Paso,-TX-79938","14040 Jason Crandall Dr, El Paso, TX 79938",79938,El Paso,31.801173,-106.23227,Single Family,4,2.5,1516,5898,2008,,Inactive,209000,137.86,2026-07-02T00:00:00.000Z,2026-07-20T00:00:00.000Z,2026-07-19T07:11:54.769Z,17,,,Houston,,,,,,,,,,,,,,2026-08-09
"7828-Ranchland-Dr,-El-Paso,-TX-79915","7828 Ranchland Dr, El Paso, TX 79915",79915,El Paso,31.750735,-106.352388,Single Family,4,1,1482,6534,1953,,Inactive,205000,138.33,2026-07-03T00:00:00.000Z,2026-07-20T00:00:00.000Z,2026-07-19T07:11:54.752Z,16,,,Elpaso,,,,,,,,,,,,,,2026-08-09
"10101-Glen-Arbor-St,-El-Paso,-TX-79924","10101 Glen Arbor St, El Paso, TX 79924",79924,El Paso,31.903236,-106.428946,Single Family,3,1,1651,7841,1972,,Inactive,239950,145.34,2026-07-11T00:00:00.000Z,2026-07-20T00:00:00.000Z,2026-07-19T05:43:49.837Z,8,,,Elpaso,,,,,,,,,,,,,,2026-08-09
"662-Jeanny-Marie-Ct,-El-Paso,-TX-79932","662 Jeanny Marie Ct, El Paso, TX 79932",79932,El Paso,31.850385,-106.611996,Single Family,3,2,2419,13504,2001,,Inactive,475000,196.36,2026-07-15T00:00:00.000Z,2026-07-20T00:00:00.000Z,2026-07-19T05:43:49.754Z,4,,,Elpaso,,,,,,,,,,,,,,2026-08-09
"10214-Silver-Strand-Pl,-El-Paso,-TX-79924","10214 Silver Strand Pl, El Paso, TX 79924",79924,El Paso,31.907315,-106.400476,Multi-Family,3,1.5,1081,3049,1985,,Inactive,149900,138.67,2026-06-11T00:00:00.000Z,2026-07-19T00:00:00.000Z,2026-07-18T08:34:14.605Z,37,,,Elpaso,,,,,,,,,,,,,,2026-08-09
"321-Blue-Valley-Dr,-El-Paso,-TX-79928","321 Blue Valley Dr, El Paso, TX 79928",79928,El Paso,31.692784,-106.240515,Single Family,6,3,3038,10019,2026,,Inactive,749900,246.84,2026-06-11T00:00:00.000Z,2026-07-19T00:00:00.000Z,2026-07-18T08:34:14.583Z,37,,,Elpaso,,,,,,,,,,,,,,2026-08-09
"8817-Polaris-St,-El-Paso,-TX-79904","8817 Polaris St, El Paso, TX 79904",79904,El Paso,31.86327,-106.449007,Single Family,3,2.5,1666,10454,2006,,Inactive,187000,112.24,2026-07-08T00:00:00.000Z,2026-07-19T00:00:00.000Z,2026-07-18T06:08:19.192Z,10,,,Elpaso,,,,,,,,,,,,,,2026-08-09
"7324-Golden-Sage-Dr,-El-Paso,-TX-79911","7324 Golden Sage Dr, El Paso, TX 79911",79911,El Paso,31.8863,-106.562943,Single Family,4,2,1786,5227,2014,22,Inactive,385000,215.57,2026-07-07T00:00:00.000Z,2026-07-19T00:00:00.000Z,2026-07-18T06:08:19.177Z,11,,,Elpaso,,,,,,,,,,,,,,2026-08-09
"12413-Tierra-Maria-Ct,-El-Paso,-TX-79938","12413 Tierra Maria Ct, El Paso, TX 79938",79938,El Paso,31.799412,-106.259152,Single Family,4,2.5,1804,4356,2004,,Inactive,247500,137.2,2026-06-13T00:00:00.000Z,2026-07-18T00:00:00.000Z,2026-07-17T07:30:37.363Z,34,,,Elpaso,,,,,,,,,,,,,,2026-08-09
"11428-Lake-Tana-Dr,-El-Paso,-TX-79936","11428 Lake Tana Dr, El Paso, TX 79936",79936,El Paso,31.773813,-106.295207,Single Family,3,2,1636,6970,1987,,Inactive,259000,158.31,2026-06-25T00:00:00.000Z,2026-07-18T00:00:00.000Z,2026-07-17T06:12:06.449Z,22,,,Elpaso,,,,,,,,,,,,,,2026-08-09
"7392-Meadow-Sage-Dr,-El-Paso,-TX-79911","7392 Meadow Sage Dr, El Paso, TX 79911",79911,El Paso,31.885054,-106.566056,Single Family,4,2.5,2677,5663,2014,25,Inactive,430000,160.63,2026-06-25T00:00:00.000Z,2026-07-18T00:00:00.000Z,2026-07-17T06:12:06.443Z,22,,,Elpaso,,,,,,,,,,,,,,2026-08-09
"12316-Desert-Path-Ct,-El-Paso,-TX-79938","12316 Desert Path Ct, El Paso, TX 79938",79938,El Paso,31.819707,-106.259451,Single Family,3,2,1708,5227,2021,,Inactive,279950,163.91,2026-06-29T00:00:00.000Z,2026-07-18T00:00:00.000Z,2026-07-17T06:12:04.404Z,18,,,Elpaso,,,,,,,,,,,,,,2026-08-09
"509-Irondale-Dr,-El-Paso,-TX-79912","509 Irondale Dr, El Paso, TX 79912",79912,El Paso,31.832881,-106.509211,Single Family,3,2,2774,20038,1980,,Inactive,444900,160.38,2026-07-02T00:00:00.000Z,2026-07-18T00:00:00.000Z,2026-07-17T06:12:04.378Z,15,,,Elpaso,,,,,,,,,,,,,,2026-08-09
"1005-Singing-Hills-Dr,-El-Paso,-TX-79912","1005 Singing Hills Dr, El Paso, TX 79912",79912,El Paso,31.848099,-106.513228,Single Family,4,1.5,3448,14375,1961,,Inactive,807000,234.05,2026-06-30T00:00:00.000Z,2026-07-18T00:00:00.000Z,2026-07-17T06:12:04.370Z,17,,,Elpaso,,,,,,,,,,,,,,2026-08-09
"3336-Edgerock-Dr,-El-Paso,-TX-79935","3336 Edgerock Dr, El Paso, TX 79935",79935,El Paso,31.791219,-106.327557,Single Family,3,1,1467,9148,1974,,Inactive,217000,147.92,2026-07-06T00:00:00.000Z,2026-07-18T00:00:00.000Z,2026-07-17T05:46:57.981Z,11,,,Elpaso,,,,,,,,,,,,,,2026-08-09
"3027-Morehead-Ave,-El-Paso,-TX-79930","3027 Morehead Ave, El Paso, TX 79930",79930,El Paso,31.807168,-106.458702,Single Family,4,2.5,2175,6098,1945,,Inactive,314900,144.78,2026-07-09T00:00:00.000Z,2026-07-18T00:00:00.000Z,2026-07-17T05:46:57.933Z,8,,,Elpaso,,,,,,,,,,,,,,2026-08-09
"12804-Tierra-Karla-Dr,-El-Paso,-TX-79938","12804 Tierra Karla Dr, El Paso, TX 79938",79938,El Paso,31.793667,-106.24568,Single Family,4,2,1996,6534,2006,,Inactive,260000,130.26,2026-07-09T00:00:00.000Z,2026-07-18T00:00:00.000Z,2026-07-17T05:46:57.927Z,8,,,Elpaso,,,,,,,,,,,,,,2026-08-09
"6723-Boulder-Canyon-Ln,-El-Paso,-TX-79912","6723 Boulder Canyon Ln, El Paso, TX 79912",79912,El Paso,31.855366,-106.540152,Single Family,3,2.5,1725,2614,2016,115,Inactive,309000,179.13,2026-07-12T00:00:00.000Z,2026-07-18T00:00:00.000Z,2026-07-17T05:41:30.358Z,5,,,Elpaso,,,,,,,,,,,,,,2026-08-09
"845-Cresta-Alta-Dr,-El-Paso,-TX-79912","845 Cresta Alta Dr, El Paso, TX 79912",79912,El Paso,31.854832,-106.535196,Single Family,4,2.5,3367,14810,1986,,Inactive,490000,145.53,2026-07-14T00:00:00.000Z,2026-07-18T00:00:00.000Z,2026-07-17T05:08:40.225Z,3,,,Elpaso,,,,,,,,,,,,,,2026-08-09
"7453-Plaza-Taurina-Dr,-El-Paso,-TX-79912","7453 Plaza Taurina Dr, El Paso, TX 79912",79912,El Paso,31.876547,-106.569439,Single Family,4,1,1311,5663,1999,,Inactive,285000,217.39,2026-06-18T00:00:00.000Z,2026-07-17T00:00:00.000Z,2026-07-16T09:13:23.107Z,28,,,Elpaso,,,,,,,,,,,,,,2026-08-09
"1210-Caper-Rd,-El-Paso,-TX-79925","1210 Caper Rd, El Paso, TX 79925",79925,El Paso,31.76075,-106.349447,Single Family,3,2,1256,7841,1958,,Inactive,214000,170.38,2026-07-07T00:00:00.000Z,2026-07-17T00:00:00.000Z,2026-07-16T08:41:06.626Z,9,,,Elpaso,,,,,,,,,,,,,,2026-08-09
"683-Juan-Munoz-Ct,-El-Paso,-TX-79932","683 Juan Munoz Ct, El Paso, TX 79932",79932,El Paso,31.880353,-106.619288,Single Family,4,2.5,2144,5663,2007,,Inactive,294999,137.59,2026-07-07T00:00:00.000Z,2026-07-17T00:00:00.000Z,2026-07-16T08:41:06.618Z,9,,,Elpaso,,,,,,,,,,,,,,2026-08-09
"620-Brandywine-Rd,-El-Paso,-TX-79907","620 Brandywine Rd, El Paso, TX 79907",79907,El Paso,31.693148,-106.311994,Multi-Family,2,1,751,3049,1983,,Inactive,150000,199.73,2026-07-08T00:00:00.000Z,2026-07-17T00:00:00.000Z,2026-07-16T08:41:06.604Z,8,,,Elpaso,,,,,,,,,,,,,,2026-08-09
"5204-N-Hanawalt-Dr,-El-Paso,-TX-79903","5204 N Hanawalt Dr, El Paso, TX 79903",79903,El Paso,31.789184,-106.425044,Single Family,4,1,1420,9583,1951,,Inactive,145000,102.11,2026-07-08T00:00:00.000Z,2026-07-17T00:00:00.000Z,2026-07-16T08:30:13.027Z,8,,,Elpaso,,,,,,,,,,,,,,2026-08-09
"7815-Craddock-Ave,-El-Paso,-TX-79915","7815 Craddock Ave, El Paso, TX 79915",79915,El Paso,31.721439,-106.371625,Single Family,4,2,2708,42253,1992,,Inactive,425000,156.94,2026-07-10T00:00:00.000Z,2026-07-17T00:00:00.000Z,2026-07-16T08:30:12.980Z,6,,,Elpaso,,,,,,,,,,,,,,2026-08-09
"11777-Henry-Phipps-Dr,-El-Paso,-TX-79936","11777 Henry Phipps Dr, El Paso, TX 79936",79936,El Paso,31.745853,-106.292585,Single Family,3,2.5,1193,5663,1986,,Inactive,155000,129.92,2026-07-13T00:00:00.000Z,2026-07-17T00:00:00.000Z,2026-07-16T06:46:44.095Z,3,,,Elpaso,,,,,,,,,,,,,,2026-08-09
"4298-Boy-Scout-Ln,-El-Paso,-TX-79922","4298 Boy Scout Ln, El Paso, TX 79922",79922,El Paso,31.818699,-106.575811,Single Family,4,2,3372,87120,1968,,Inactive,1300000,385.53,2026-06-13T00:00:00.000Z,2026-07-16T00:00:00.000Z,2026-07-15T09:35:12.250Z,32,,,Elpaso,,,,,,,,,,,,,,2026-08-09
"14677-Jesus-Almeida,-El-Paso,-TX-79938","14677 Jesus Almeida, El Paso, TX 79938",79938,El Paso,31.793319,-106.209968,Single Family,4,2,1730,5227,2013,,Inactive,259900,150.23,2026-06-15T00:00:00.000Z,2026-07-16T00:00:00.000Z,2026-07-15T09:35:12.239Z,30,,,Elpaso,,,,,,,,,,,,,,2026-08-09
"7373-Cimarron-Gap-Dr,-El-Paso,-TX-79911","7373 Cimarron Gap Dr, El Paso, TX 79911",79911,El Paso,31.894631,-106.565235,Single Family,4,3,2172,9148,2020,21,Inactive,499000,229.74,2026-06-16T00:00:00.000Z,2026-07-16T00:00:00.000Z,2026-07-15T09:35:12.224Z,29,,,Elpaso,,,,,,,,,,,,,,2026-08-09
"477-Winter-Spring-Pl,-El-Paso,-TX-79928","477 Winter Spring Pl, El Paso, TX 79928",79928,El Paso,31.69623,-106.231792,Single Family,3,2,1514,5663,2010,,Inactive,247000,163.14,2026-06-19T00:00:00.000Z,2026-07-16T00:00:00.000Z,2026-07-15T09:29:08.314Z,26,,,Elpaso,,,,,,,,,,,,,,2026-08-09
"6084-Via-Hermosa-Ct,-El-Paso,-TX-79912","6084 Via Hermosa Ct, El Paso, TX 79912",79912,El Paso,31.86513,-106.520631,Single Family,3,2.5,2355,8276,2003,,Inactive,469950,199.55,2026-06-19T00:00:00.000Z,2026-07-16T00:00:00.000Z,2026-07-15T09:29:08.299Z,26,,,Elpaso,,,,,,,,,,,,,,2026-08-09
"3149-Edgerock-Dr,-El-Paso,-TX-79935","3149 Edgerock Dr, El Paso, TX 79935",79935,El Paso,31.786707,-106.331218,Single Family,3,2,2048,8712,1977,,Inactive,349900,170.85,2026-06-19T00:00:00.000Z,2026-07-16T00:00:00.000Z,2026-07-15T09:29:08.298Z,26,,,Elpaso,,,,,,,,,,,,,,2026-08-09
"308-Playa-Tronones-Ave,-El-Paso,-TX-79932","308 Playa Tronones Ave, El Paso, TX 79932",79932,El Paso,31.895268,-106.590303,Single Family,4,1,3134,6534,2020,,Inactive,430000,137.2,2026-06-20T00:00:00.000Z,2026-07-16T00:00:00.000Z,2026-07-15T09:29:08.286Z,25,,,Elpaso,,,,,,,,,,,,,,2026-08-09
"2214-Mermaid-Dr,-El-Paso,-TX-79936","2214 Mermaid Dr, El Paso, TX 79936",79936,El Paso,31.774539,-106.311835,Single Family,4,2.5,1857,10019,1979,,Inactive,250000,134.63,2026-06-23T00:00:00.000Z,2026-07-16T00:00:00.000Z,2026-07-15T09:29:08.244Z,22,,,Elpaso,,,,,,,,,,,,,,2026-08-09
"14261-Star-Cactus,-El-Paso,-TX-79928","14261 Star Cactus, El Paso, TX 79928",79928,El Paso,31.9498997,-106.4086416,Single Family,3,2,1366,,,,Inactive,238200,174.38,2026-06-24T00:00:00.000Z,2026-07-16T00:00:00.000Z,2026-07-15T09:29:08.241Z,21,Desert View Homes,Rancho Desierto Bello,,,,,,,,,,,,,,,2026-08-09
"11062-Johnny-Miller-Dr,-El-Paso,-TX-79936","11062 Johnny Miller Dr, El Paso, TX 79936",79936,El Paso,31.774575,-106.314057,Single Family,3,2,1679,8276,1976,,Inactive,225000,134.01,2026-06-25T00:00:00.000Z,2026-07-16T00:00:00.000Z,2026-07-15T08:30:20.938Z,20,,,Elpaso,,,,,,,,,,,,,,2026-08-09
"12470-Paseo-Lago-Dr,-El-Paso,-TX-79928","12470 Paseo Lago Dr, El Paso, TX 79928",79928,El Paso,31.733511,-106.26021,Single Family,5,2.5,2397,5227,2005,,Inactive,410000,171.05,2026-06-26T00:00:00.000Z,2026-07-16T00:00:00.000Z,2026-07-15T08:30:20.911Z,19,,,Elpaso,,,,,,,,,,,,,,2026-08-09
"717-Lakeshore-Dr,-El-Paso,-TX-79932","717 Lakeshore Dr, El Paso, TX 79932",79932,El Paso,31.850903,-106.614348,Single Family,3,1,1990,3049,1982,225,Inactive,415000,208.54,2026-06-27T00:00:00.000Z,2026-07-16T00:00:00.000Z,2026-07-15T08:30:20.897Z,18,,,Elpaso,,,,,,,,,,,,,,2026-08-09
"7025-Spruce-Wood-Ct,-El-Paso,-TX-79934","7025 Spruce Wood Ct, El Paso, TX 79934",79934,El Paso,31.961332,-106.372542,Single Family,4,2.5,1808,6098,2015,,Inactive,250000,138.27,2026-06-30T00:00:00.000Z,2026-07-16T00:00:00.000Z,2026-07-15T08:30:20.890Z,15,,,Elpaso,,,,,,,,,,,,,,2026-08-09
"716-Willow-Glen-Dr,-El-Paso,-TX-79922","716 Willow Glen Dr, El Paso, TX 79922",79922,El Paso,31.826492,-106.590367,Single Family,4,1.5,3207,15682,1986,85,Inactive,699000,217.96,2026-07-04T00:00:00.000Z,2026-07-16T00:00:00.000Z,2026-07-15T08:17:18.446Z,11,,,Elpaso,,,,,,,,,,,,,,2026-08-09
"14553-Meadow,-Lawn,-El-Paso,-TX-79938","14553 Meadow, Lawn, El Paso, TX 79938",79938,El Paso,31.78941,-106.213902,Single Family,3,2,1568,5663,2014,,Inactive,259950,165.78,2026-07-04T00:00:00.000Z,2026-07-16T00:00:00.000Z,2026-07-15T08:17:18.438Z,11,,,Elpaso,,,,,,,,,,,,,,2026-08-09
"13445-Emerald-Terrace-Dr,-El-Paso,-TX-79928","13445 Emerald Terrace Dr, El Paso, TX 79928",79928,El Paso,31.690573,-106.224543,Single Family,4,3,2235,7841,2026,62,Inactive,442950,198.19,2026-07-07T00:00:00.000Z,2026-07-16T00:00:00.000Z,2026-07-15T07:23:32.680Z,8,,,Elpaso,,,,,,,,,,,,,,2026-08-09
"11606-Great-Spirit-Cir,-El-Paso,-TX-79936","11606 Great Spirit Cir, El Paso, TX 79936",79936,El Paso,31.786575,-106.288723,Single Family,3,2,1403,5227,1995,,Inactive,180000,128.3,2026-07-08T00:00:00.000Z,2026-07-16T00:00:00.000Z,2026-07-15T07:23:32.648Z,7,,,Elpaso,,,,,,,,,,,,,,2026-08-09
"11583-Saint-Martin-Way,-El-Paso,-TX-79936","11583 Saint Martin Way, El Paso, TX 79936",79936,El Paso,31.802464,-106.289766,Single Family,3,2,1482,4792,2010,100,Inactive,235000,158.57,2026-07-11T00:00:00.000Z,2026-07-16T00:00:00.000Z,2026-07-15T06:14:31.250Z,4,,,Elpaso,,,,,,,,,,,,,,2026-08-09
"945-N-Clark-Dr,-El-Paso,-TX-79905","945 N Clark Dr, El Paso, TX 79905",79905,El Paso,31.779082,-106.409628,Single Family,3,1,950,7841,1953,,Inactive,169500,178.42,2026-07-12T00:00:00.000Z,2026-07-16T00:00:00.000Z,2026-07-15T06:14:31.070Z,3,,,Elpaso,,,,,,,,,,,,,,2026-08-09
"11162-Blue-Eyed-Grass-St,-El-Paso,-TX-79934","11162 Blue Eyed Grass St, El Paso, TX 79934",79934,El Paso,31.95515,-106.409415,Single Family,4,1.5,2000,12197,2026,29,Inactive,379950,189.97,2026-07-14T00:00:00.000Z,2026-07-16T00:00:00.000Z,2026-07-15T06:14:31.015Z,1,,,Elpaso,,,,,,,,,,,,,,2026-08-09
"3868-Belief-Ln,-El-Paso,-TX-79938","3868 Belief Ln, El Paso, TX 79938",79938,El Paso,31.80755,-106.188771,Single Family,3,2,1700,5663,2026,,Inactive,315000,185.29,2026-07-15T00:00:00.000Z,2026-07-16T00:00:00.000Z,2026-07-15T06:14:31.007Z,0,,,Elpaso,,,,,,,,,,,,,,2026-08-09
"5700-Adamsville-Ave,-El-Paso,-TX-79934","5700 Adamsville Ave, El Paso, TX 79934",79934,El Paso,31.771396,-106.420501,Single Family,3,1.5,1719,6534,2026,29,Inactive,332950,193.69,2026-07-14T00:00:00.000Z,2026-07-16T00:00:00.000Z,2026-07-15T06:14:31.006Z,1,,,Elpaso,,,,,,,,,,,,,,2026-08-09
"8827-Clavel-Dr,-El-Paso,-TX-79907","8827 Clavel Dr, El Paso, TX 79907",79907,El Paso,31.703328,-106.325948,Single Family,3,1,980,8276,1980,,Inactive,189950,193.83,2026-06-15T00:00:00.000Z,2026-07-15T00:00:00.000Z,2026-07-14T08:28:25.654Z,29,,,Elpaso,,,,,,,,,,,,,,2026-08-09
"6290-Los-Bancos-Dr,-El-Paso,-TX-79912","6290 Los Bancos Dr, El Paso, TX 79912",79912,El Paso,31.856542,-106.529162,Single Family,3,2,2023,12632,1996,,Inactive,359900,177.9,2026-06-12T00:00:00.000Z,2026-07-15T00:00:00.000Z,2026-07-14T08:28:25.631Z,32,,,Elpaso,,,,,,,,,,,,,,2026-08-09
"4317-Jon-Cunningham-Blvd,-El-Paso,-TX-79934","4317 Jon Cunningham Blvd, El Paso, TX 79934",79934,El Paso,31.932052,-106.447142,Single Family,3,2,2098,9148,1988,,Inactive,289950,138.2,2026-06-18T00:00:00.000Z,2026-07-15T00:00:00.000Z,2026-07-14T06:57:33.002Z,26,,,Elpaso,,,,,,,,,,,,,,2026-08-09
"332-Wenda-Dr,-El-Paso,-TX-79915","332 Wenda Dr, El Paso, TX 79915",79915,El Paso,31.731543,-106.358528,Single Family,3,2.5,1668,20473,1945,,Inactive,175000,104.92,2026-06-24T00:00:00.000Z,2026-07-15T00:00:00.000Z,2026-07-14T06:02:28.084Z,20,,,Elpaso,,,,,,,,,,,,,,2026-08-09
"17-Apache-Crest-Dr,-El-Paso,-TX-79902","17 Apache Crest Dr, El Paso, TX 79902",79902,El Paso,31.793782,-106.495611,Land,0,,,12632,,,Inactive,125000,,2026-06-25T00:00:00.000Z,2026-07-15T00:00:00.000Z,2026-07-14T06:02:27.998Z,19,,,Elpaso,,,,,,,,,,,,,,2026-08-09
"12292-Freshwater-Dr,-El-Paso,-TX-79928","12292 Freshwater Dr, El Paso, TX 79928",79928,El Paso,31.695875,-106.251881,Single Family,3,3.5,2704,10019,2018,27,Inactive,750000,277.37,2026-06-25T00:00:00.000Z,2026-07-15T00:00:00.000Z,2026-07-14T06:02:27.954Z,19,,,Elpaso,,,,,,,,,,,,,,2026-08-09
"3200-Voss-Dr,-El-Paso,-TX-79936","3200 Voss Dr, El Paso, TX 79936",79936,El Paso,31.78642,-106.320306,Single Family,3,1,1252,8276,1977,,Inactive,230000,183.71,2026-06-29T00:00:00.000Z,2026-07-15T00:00:00.000Z,2026-07-14T05:52:33.243Z,15,,,Elpaso,,,,,,,,,,,,,,2026-08-09
"11664-Sunset-Rose-Dr,-El-Paso,-TX-79936","11664 Sunset Rose Dr, El Paso, TX 79936",79936,El Paso,31.79168,-106.286216,Single Family,4,2,1409,4792,2001,,Inactive,245000,173.88,2026-06-29T00:00:00.000Z,2026-07-15T00:00:00.000Z,2026-07-14T05:52:33.234Z,15,,,Elpaso,,,,,,,,,,,,,,2026-08-09
"630-Gary-Ln,-El-Paso,-TX-79922","630 Gary Ln, El Paso, TX 79922",79922,El Paso,31.817362,-106.577834,Single Family,4,2,3279,36590,1978,,Inactive,642000,195.79,2026-07-02T00:00:00.000Z,2026-07-15T00:00:00.000Z,2026-07-14T05:52:33.054Z,12,,,Elpaso,,,,,,,,,,,,,,2026-08-09
"6309-Via-Serena-Dr,-El-Paso,-TX-79912","6309 Via Serena Dr, El Paso, TX 79912",79912,El Paso,31.86714,-106.523318,Single Family,5,4,4295,15682,2006,50,Inactive,1450000,337.6,2026-07-05T00:00:00.000Z,2026-07-15T00:00:00.000Z,2026-07-14T05:52:33.050Z,9,,,Elpaso,,,,,,,,,,,,,,2026-08-09
"9709-Vallarta-Dr,-El-Paso,-TX-79927","9709 Vallarta Dr, El Paso, TX 79927",79927,El Paso,31.670081,-106.314376,Single Family,3,2,2040,6098,1992,,Inactive,219000,107.35,2026-07-03T00:00:00.000Z,2026-07-15T00:00:00.000Z,2026-07-14T05:52:33.048Z,11,,,Elpaso,,,,,,,,,,,,,,2026-08-09
"3150-N-Yarbrough-Dr,-Unit-E13,-El-Paso,-TX-79925","3150 N Yarbrough Dr, Unit E13, El Paso, TX 79925",79925,El Paso,31.785382,-106.335079,Condo,3,2.5,1412,118048,2007,200,Inactive,190000,134.56,2026-07-06T00:00:00.000Z,2026-07-15T00:00:00.000Z,2026-07-14T05:39:07.369Z,8,,,Elpaso,,,,,,,,,,,,,,2026-08-09
"6753-Pearl-Ridge-Dr,-El-Paso,-TX-79912","6753 Pearl Ridge Dr, El Paso, TX 79912",79912,El Paso,31.877262,-106.545867,Single Family,5,2,2721,9583,2002,,Inactive,535000,196.62,2026-07-07T00:00:00.000Z,2026-07-15T00:00:00.000Z,2026-07-14T05:39:07.336Z,7,,,Elpaso,,,,,,,,,,,,,,2026-08-09
"10548-Sidney-St,-El-Paso,-TX-79924","10548 Sidney St, El Paso, TX 79924",79924,El Paso,31.920426,-106.408174,Single Family,4,3,1452,6098,1968,,Inactive,204900,141.12,2026-07-08T00:00:00.000Z,2026-07-15T00:00:00.000Z,2026-07-14T05:39:07.294Z,6,,,Elpaso,,,,,,,,,,,,,,2026-08-09
"10579-Kinross-Ave,-El-Paso,-TX-79925","10579 Kinross Ave, El Paso, TX 79925",79925,El Paso,31.789062,-106.332852,Single Family,4,2.5,1991,7405,1987,,Inactive,259950,130.56,2026-07-09T00:00:00.000Z,2026-07-15T00:00:00.000Z,2026-07-14T05:39:07.276Z,5,,,Elpaso,,,,,,,,,,,,,,2026-08-09
"5727-Ty-Cobb-Pl,-El-Paso,-TX-79934","5727 Ty Cobb Pl, El Paso, TX 79934",79934,El Paso,31.930358,-106.409762,Single Family,3,2,1364,5663,1992,,Inactive,230000,168.62,2026-07-09T00:00:00.000Z,2026-07-15T00:00:00.000Z,2026-07-14T05:39:07.264Z,5,,,Elpaso,,,,,,,,,,,,,,2026-08-09
"10128-Matador-St,-El-Paso,-TX-79924","10128 Matador St, El Paso, TX 79924",79924,El Paso,31.904347,-106.401765,Single Family,4,2,1355,6098,1973,,Inactive,209000,154.24,2026-07-09T00:00:00.000Z,2026-07-15T00:00:00.000Z,2026-07-14T05:39:07.263Z,5,,,Elpaso,,,,,,,,,,,,,,2026-08-09
"10779-Aaron-St,-El-Paso,-TX-79924","10779 Aaron St, El Paso, TX 79924",79924,El Paso,31.92596,-106.400144,Single Family,3,2.5,2108,5227,2006,,Inactive,237999,112.9,2026-07-10T00:00:00.000Z,2026-07-15T00:00:00.000Z,2026-07-14T05:36:21.096Z,4,,,Elpaso,,,,,,,,,,,,,,2026-08-09
"12705-Cozy-Prairie-Ct,-El-Paso,-TX-79938","12705 Cozy Prairie Ct, El Paso, TX 79938",79938,El Paso,31.772164,-106.250999,Single Family,3,2.5,1898,5663,2011,,Inactive,285000,150.16,2026-07-12T00:00:00.000Z,2026-07-15T00:00:00.000Z,2026-07-14T05:36:21.022Z,2,,,Elpaso,,,,,,,,,,,,,,2026-08-09
"12250-Tierra-Bella-Dr,-El-Paso,-TX-79938","12250 Tierra Bella Dr, El Paso, TX 79938",79938,El Paso,31.783114,-106.264534,Single Family,3,2,1217,4792,2002,,Inactive,185000,152.01,2026-06-12T00:00:00.000Z,2026-07-14T00:00:00.000Z,2026-07-13T08:51:05.386Z,31,,,Elpaso,,,,,,,,,,,,,,2026-08-09
"1601-Raynolds-St,-El-Paso,-TX-79903","1601 Raynolds St, El Paso, TX 79903",79903,El Paso,31.790018,-106.433364,Single Family,3,2,2355,14375,1957,,Inactive,375000,159.24,2026-06-16T00:00:00.000Z,2026-07-14T00:00:00.000Z,2026-07-13T08:15:42.671Z,27,,,Elpaso,,,,,,,,,,,,,,2026-08-09
"766-Espada-Dr-E,-El-Paso,-TX-79912","766 Espada Dr E, El Paso, TX 79912",79912,El Paso,31.844375,-106.524563,Townhouse,3,1,1954,4792,1993,,Inactive,296000,151.48,2026-06-20T00:00:00.000Z,2026-07-14T00:00:00.000Z,2026-07-13T08:15:42.573Z,23,,,Elpaso,,,,,,,,,,,,,,2026-08-09
"12653-Hants-Cir,-El-Paso,-TX-79928","12653 Hants Cir, El Paso, TX 79928",79928,El Paso,31.709972,-106.247599,Single Family,4,2.5,1825,6098,2026,,Inactive,389950,213.67,2026-06-25T00:00:00.000Z,2026-07-14T00:00:00.000Z,2026-07-13T07:16:10.908Z,18,,,Elpaso,,,,,,,,,,,,,,2026-08-09
"12598-Clocker-Dr,-El-Paso,-TX-79928","12598 Clocker Dr, El Paso, TX 79928",79928,El Paso,31.741656,-106.252262,Single Family,5,2,2799,6098,2020,,Inactive,460000,164.34,2026-06-30T00:00:00.000Z,2026-07-14T00:00:00.000Z,2026-07-13T07:05:45.357Z,13,,,Elpaso,,,,,,,,,,,,,,2026-08-09
"12709-Nachito-Way,-El-Paso,-TX-79938","12709 Nachito Way, El Paso, TX 79938",79938,El Paso,31.775157,-106.249072,Single Family,3,2.5,1860,11761,2012,,Inactive,299950,161.26,2026-07-01T00:00:00.000Z,2026-07-14T00:00:00.000Z,2026-07-13T07:05:45.350Z,12,,,Elpaso,,,,,,,,,,,,,,2026-08-09
"14068-Red-Deer-Rock-Dr,-El-Paso,-TX-79938","14068 Red Deer Rock Dr, El Paso, TX 79938",79938,El Paso,31.781165,-106.237667,Single Family,3,2,884,5227,2009,,Inactive,218000,246.61,2026-07-03T00:00:00.000Z,2026-07-14T00:00:00.000Z,2026-07-13T07:05:45.307Z,10,,,Elpaso,,,,,,,,,,,,,,2026-08-09
"6281-Tampa-River-Pl,-El-Paso,-TX-79932","6281 Tampa River Pl, El Paso, TX 79932",79932,El Paso,31.883425,-106.624881,Single Family,4,2.5,2272,8276,2020,,Inactive,429900,189.22,2026-07-02T00:00:00.000Z,2026-07-14T00:00:00.000Z,2026-07-13T07:05:45.302Z,11,,,Elpaso,,,,,,,,,,,,,,2026-08-09
"132-Masquerade-Ln,-El-Paso,-TX-79912","132 Masquerade Ln, El Paso, TX 79912",79912,El Paso,31.814699,-106.516783,Single Family,3,2,1542,7405,1981,,Inactive,265000,171.85,2026-07-06T00:00:00.000Z,2026-07-14T00:00:00.000Z,2026-07-13T05:26:22.208Z,7,,,Elpaso,,,,,,,,,,,,,,2026-08-09
"10900-Ernie-Banks-Dr,-El-Paso,-TX-79934","10900 Ernie Banks Dr, El Paso, TX 79934",79934,El Paso,31.9286,-106.420369,Single Family,3,2,1358,6970,1988,,Inactive,225000,165.68,2026-07-06T00:00:00.000Z,2026-07-14T00:00:00.000Z,2026-07-13T05:26:22.203Z,7,,,Elpaso,,,,,,,,,,,,,,2026-08-09
"1632-Sam-Dominguez-St,-El-Paso,-TX-79928","1632 Sam Dominguez St, El Paso, TX 79928",79928,El Paso,31.752649,-106.252161,Single Family,4,1,1498,5227,2022,,Inactive,263000,175.57,2026-07-08T00:00:00.000Z,2026-07-14T00:00:00.000Z,2026-07-13T05:26:22.158Z,5,,,Elpaso,,,,,,,,,,,,,,2026-08-09
"608-La-Chapa-Ave,-El-Paso,-TX-79912","608 La Chapa Ave, El Paso, TX 79912",79912,El Paso,31.848746,-106.543416,Single Family,3,1,1662,8276,1983,,Inactive,332000,199.76,2026-07-08T00:00:00.000Z,2026-07-14T00:00:00.000Z,2026-07-13T05:26:22.150Z,5,,,Elpaso,,,,,,,,,,,,,,2026-08-09
"733-Castile-Ave,-El-Paso,-TX-79912","733 Castile Ave, El Paso, TX 79912",79912,El Paso,31.8252,-106.5494,Single Family,4,1,1749,4356,1968,,Inactive,259500,148.37,2026-07-08T00:00:00.000Z,2026-07-14T00:00:00.000Z,2026-07-13T05:26:22.143Z,5,,,Elpaso,,,,,,,,,,,,,,2026-08-09
"788-Pontop-Hall-St,-El-Paso,-TX-79928","788 Pontop Hall St, El Paso, TX 79928",79928,El Paso,31.705265,-106.216738,Single Family,3,2,1916,5227,2019,,Inactive,235000,122.65,2026-07-09T00:00:00.000Z,2026-07-14T00:00:00.000Z,2026-07-13T05:26:22.132Z,4,,,Elpaso,,,,,,,,,,,,,,2026-08-09
"4230-Loma-Rosada-Dr,-El-Paso,-TX-79934","4230 Loma Rosada Dr, El Paso, TX 79934",79934,El Paso,31.937948,-106.448501,Single Family,4,2.5,2473,9583,1996,,Inactive,300000,121.31,2026-07-09T00:00:00.000Z,2026-07-14T00:00:00.000Z,2026-07-13T05:25:33.720Z,4,,,Elpaso,,,,,,,,,,,,,,2026-08-09
"10779-Arron-St,-El-Paso,-TX-79924","10779 Arron St, El Paso, TX 79924",79924,El Paso,31.92596,-106.400144,Single Family,3,2.5,2108,5227,2006,,Inactive,237999,112.9,2026-07-10T00:00:00.000Z,2026-07-14T00:00:00.000Z,2026-07-13T05:25:33.683Z,3,,,Elpaso,,,,,,,,,,,,,,2026-08-09
"12352-Lupe-Rivera-Dr,-El-Paso,-TX-79936","12352 Lupe Rivera Dr, El Paso, TX 79936",79936,El Paso,31.721576,-106.272656,Single Family,4,1,2053,6534,2002,,Inactive,324950,158.28,2026-07-10T00:00:00.000Z,2026-07-14T00:00:00.000Z,2026-07-13T05:25:33.670Z,3,,,Elpaso,,,,,,,,,,,,,,2026-08-09
"5511-Flower-Dr,-El-Paso,-TX-79905","5511 Flower Dr, El Paso, TX 79905",79905,El Paso,31.755794,-106.426379,Single Family,3,1,957,6970,1957,,Inactive,125000,130.62,2026-06-23T00:00:00.000Z,2026-07-13T00:00:00.000Z,2026-07-12T07:45:31.859Z,19,,,Elpaso,,,,,,,,,,,,,,2026-08-09
"5556-Jim-Castaneda-Dr,-El-Paso,-TX-79934","5556 Jim Castaneda Dr, El Paso, TX 79934",79934,El Paso,31.940998,-106.413024,Single Family,4,2.5,2134,9148,2011,,Inactive,309000,144.8,2026-07-09T00:00:00.000Z,2026-07-13T00:00:00.000Z,2026-07-12T07:24:51.032Z,3,,,Elpaso,,,,,,,,,,,,,,2026-08-09
"350-Thunderbird-Dr,-Unit-H64,-El-Paso,-TX-79912","350 Thunderbird Dr, Unit H64, El Paso, TX 79912",79912,El Paso,31.836394,-106.527884,Condo,2,1,1390,202990,1964,521,Inactive,139000,100.0,2026-07-08T00:00:00.000Z,2026-07-13T00:00:00.000Z,2026-07-12T07:24:51.030Z,4,,,Elpaso,,,,,,,,,,,,,,2026-08-09
"14569-Spanish-Point-Dr,-El-Paso,-TX-79938","14569 Spanish Point Dr, El Paso, TX 79938",79938,El Paso,31.794063,-106.214038,Single Family,4,2.5,2882,5663,2013,,Inactive,346000,120.06,2026-07-11T00:00:00.000Z,2026-07-13T00:00:00.000Z,2026-07-12T05:53:35.310Z,1,,,Elpaso,,,,,,,,,,,,,,2026-08-09
"1817-Por-Fin-Ln,-El-Paso,-TX-79907","1817 Por Fin Ln, El Paso, TX 79907",79907,El Paso,31.698821,-106.328029,Land,,,,5227,,,Inactive,55000,,2026-06-18T00:00:00.000Z,2026-07-12T00:00:00.000Z,2026-07-11T09:03:14.831Z,23,,,Elpaso,,,,,,,,,,,,,,2026-08-09
"14108-Ghost-Flower-St,-El-Paso,-TX-79928","14108 Ghost Flower St, El Paso, TX 79928",79928,El Paso,31.692124,-106.195084,Single Family,3,1,2179,5663,2005,,Inactive,258000,118.4,2026-06-25T00:00:00.000Z,2026-07-12T00:00:00.000Z,2026-07-11T09:03:11.256Z,16,,,Elpaso,,,,,,,,,,,,,,2026-08-09
"1221-Belvidere-St,-El-Paso,-TX-79912","1221 Belvidere St, El Paso, TX 79912",79912,El Paso,31.853326,-106.534953,Single Family,4,2,2412,13504,1993,,Inactive,375000,155.47,2026-06-26T00:00:00.000Z,2026-07-12T00:00:00.000Z,2026-07-11T09:03:11.252Z,15,,,Elpaso,,,,,,,,,,,,,,2026-08-09
"6375-Desert-Willow-Dr,-El-Paso,-TX-79938","6375 Desert Willow Dr, El Paso, TX 79938",79938,El Paso,31.88229,-106.196703,Single Family,3,2,1980,108900,1986,,Inactive,349000,176.26,2026-06-30T00:00:00.000Z,2026-07-12T00:00:00.000Z,2026-07-11T08:56:26.462Z,11,,,Elpaso,,,,,,,,,,,,,,2026-08-09
"11888-Vere-Leasure-Dr,-El-Paso,-TX-79936","11888 Vere Leasure Dr, El Paso, TX 79936",79936,El Paso,31.786012,-106.27742,Single Family,3,2,1098,5663,1996,,Inactive,209999,191.26,2026-07-02T00:00:00.000Z,2026-07-12T00:00:00.000Z,2026-07-11T08:56:26.425Z,9,,,Elpaso,,,,,,,,,,,,,,2026-08-09
"12028-Greenveil-Dr,-El-Paso,-TX-79936","12028 Greenveil Dr, El Paso, TX 79936",79936,El Paso,31.795968,-106.272527,Single Family,3,2,1226,4792,2000,,Inactive,184999,150.9,2026-07-02T00:00:00.000Z,2026-07-12T00:00:00.000Z,2026-07-11T08:56:26.404Z,9,,,Elpaso,,,,,,,,,,,,,,2026-08-09
"1413-Iron-Ridge-Pl,-El-Paso,-TX-79912","1413 Iron Ridge Pl, El Paso, TX 79912",79912,El Paso,31.876277,-106.546141,Single Family,4,2,2580,16117,1998,,Inactive,550000,213.18,2026-07-04T00:00:00.000Z,2026-07-12T00:00:00.000Z,2026-07-11T08:53:56.027Z,7,,,Elpaso,,,,,,,,,,,,,,2026-08-09
"9209-Rex-Ct,-El-Paso,-TX-79925","9209 Rex Ct, El Paso, TX 79925",79925,El Paso,31.782613,-106.363719,Single Family,3,2,2225,10019,1967,,Inactive,339770,152.71,2026-07-04T00:00:00.000Z,2026-07-12T00:00:00.000Z,2026-07-11T08:53:56.025Z,7,,,Elpaso,,,,,,,,,,,,,,2026-08-09
"13619-Laura-Ln,-El-Paso,-TX-79938","13619 Laura Ln, El Paso, TX 79938",79938,El Paso,31.809593,-106.211799,Single Family,4,3,1968,10890,2006,,Inactive,225000,114.33,2026-07-06T00:00:00.000Z,2026-07-12T00:00:00.000Z,2026-07-11T08:53:56.003Z,5,,,Elpaso,,,,,,,,,,,,,,2026-08-09
"4608-Robert-Holt-Dr,-El-Paso,-TX-79924","4608 Robert Holt Dr, El Paso, TX 79924",79924,El Paso,31.879359,-106.432604,Single Family,4,2.5,2697,7841,2004,,Inactive,270000,100.11,2026-07-07T00:00:00.000Z,2026-07-12T00:00:00.000Z,2026-07-11T08:53:55.979Z,4,,,Elpaso,,,,,,,,,,,,,,2026-08-09
"7805-Parral-Dr,-El-Paso,-TX-79915","7805 Parral Dr, El Paso, TX 79915",79915,El Paso,31.749722,-106.353558,Single Family,2,1,845,6534,1953,,Inactive,178700,211.48,2026-07-08T00:00:00.000Z,2026-07-12T00:00:00.000Z,2026-07-11T08:53:55.943Z,3,,,Elpaso,,,,,,,,,,,,,,2026-08-09
"5640-Kensington-Cir,-El-Paso,-TX-79924","5640 Kensington Cir, El Paso, TX 79924",79924,El Paso,31.916718,-106.410152,Single Family,3,1.5,1100,6534,1962,,Inactive,195000,177.27,2026-07-09T00:00:00.000Z,2026-07-12T00:00:00.000Z,2026-07-11T08:53:55.938Z,2,,,Elpaso,,,,,,,,,,,,,,2026-08-09
"4116-Hueco-Ave,-El-Paso,-TX-79903","4116 Hueco Ave, El Paso, TX 79903",79903,El Paso,31.786403,-106.44263,Single Family,3,2,1236,4792,1937,,Inactive,115000,93.04,2026-07-09T00:00:00.000Z,2026-07-12T00:00:00.000Z,2026-07-11T06:01:32.843Z,2,,,Elpaso,,,,,,,,,,,,,,2026-08-09
"5185-Cielo-Del-Rio-Pl,-El-Paso,-TX-79932","5185 Cielo Del Rio Pl, El Paso, TX 79932",79932,El Paso,31.848516,-106.594404,Single Family,5,3,2833,21344,1989,,Inactive,549000,193.79,2026-07-10T00:00:00.000Z,2026-07-12T00:00:00.000Z,2026-07-11T06:01:32.640Z,1,,,Elpaso,,,,,,,,,,,,,,2026-08-09
"12606-Amesbury-Dr,-El-Paso,-TX-79928","12606 Amesbury Dr, El Paso, TX 79928",79928,El Paso,31.745238,-106.256813,Single Family,4,1,1860,5227,2023,,Inactive,320000,172.04,2026-06-20T00:00:00.000Z,2026-07-11T00:00:00.000Z,2026-07-10T08:43:31.105Z,20,,,Elpaso,,,,,,,,,,,,,,2026-08-09
"6700-Escondido-Dr,-Apt-G9,-El-Paso,-TX-79912","6700 Escondido Dr, Apt G9, El Paso, TX 79912",79912,El Paso,31.84378,-106.540598,Condo,2,1.5,1152,104980,1970,200,Inactive,179900,156.16,2026-06-21T00:00:00.000Z,2026-07-11T00:00:00.000Z,2026-07-10T08:43:31.065Z,19,,,Elpaso,,,,,,,,,,,,,,2026-08-09
"10785-Pleasant-Hill-Dr,-El-Paso,-TX-79924","10785 Pleasant Hill Dr, El Paso, TX 79924",79924,El Paso,31.922793,-106.437143,Single Family,3,2,1746,5663,2004,,Inactive,119600,68.5,2026-06-24T00:00:00.000Z,2026-07-11T00:00:00.000Z,2026-07-10T08:03:59.248Z,16,,,Elpaso,,,,,,,,,,,,,,2026-08-09
"5758-Castle-Way,-El-Paso,-TX-79932","5758 Castle Way, El Paso, TX 79932",79932,El Paso,31.867764,-106.592776,Single Family,4,2,1447,8276,1999,,Inactive,277000,191.43,2026-07-02T00:00:00.000Z,2026-07-11T00:00:00.000Z,2026-07-10T06:54:02.797Z,8,,,Elpaso,,,,,,,,,,,,,,2026-08-09
"765-Villa-Vanessa-Dr,-El-Paso,-TX-79912","765 Villa Vanessa Dr, El Paso, TX 79912",79912,El Paso,31.855686,-106.551313,Single Family,4,2,1861,11761,1988,,Inactive,350000,188.07,2026-07-02T00:00:00.000Z,2026-07-11T00:00:00.000Z,2026-07-10T06:54:02.796Z,8,,,Elpaso,,,,,,,,,,,,,,2026-08-09
"1608-Jolla-Del-Sol-Ct,-El-Paso,-TX-79911","1608 Jolla Del Sol Ct, El Paso, TX 79911",79911,El Paso,31.881259,-106.56459,Single Family,4,3,2418,6534,2004,,Inactive,365000,150.95,2026-07-06T00:00:00.000Z,2026-07-11T00:00:00.000Z,2026-07-10T06:54:02.734Z,4,,,Elpaso,,,,,,,,,,,,,,2026-08-09
"10240-Kenworthy-St,-El-Paso,-TX-79924","10240 Kenworthy St, El Paso, TX 79924",79924,El Paso,31.908557,-106.433407,Single Family,4,2,1575,8276,1961,,Inactive,234900,149.14,2026-06-12T00:00:00.000Z,2026-07-10T00:00:00.000Z,2026-07-09T09:10:14.679Z,27,,,Elpaso,,,,,,,,,,,,,,2026-08-09
"12324-Jack-Vowell-Way,-El-Paso,-TX-79934","12324 Jack Vowell Way, El Paso, TX 79934",79934,El Paso,31.964603,-106.351334,Single Family,3,1,1298,4356,2026,,Inactive,255500,196.84,2026-06-15T00:00:00.000Z,2026-07-10T00:00:00.000Z,2026-07-09T09:10:14.639Z,24,,,Elpaso,,,,,,,,,,,,,,2026-08-09
"5700-Sun-Valley-Dr,-El-Paso,-TX-79924","5700 Sun Valley Dr, El Paso, TX 79924",79924,El Paso,31.909961,-106.409586,Single Family,3,2,1740,6534,1959,,Inactive,239000,137.36,2026-06-16T00:00:00.000Z,2026-07-10T00:00:00.000Z,2026-07-09T09:10:14.633Z,23,,,Elpaso,,,,,,,,,,,,,,2026-08-09
"1644-Lomaland-Dr,-Apt-151,-El-Paso,-TX-79935","1644 Lomaland Dr, Apt 151, El Paso, TX 79935",79935,El Paso,31.761543,-106.329338,Condo,3,2.5,1382,1307,1974,416,Inactive,162000,117.22,2026-06-18T00:00:00.000Z,2026-07-10T00:00:00.000Z,2026-07-09T08:40:48.752Z,21,,,Elpaso,,,,,,,,,,,,,,2026-08-09
"1352-Desert-Jewel-Dr,-El-Paso,-TX-79912","1352 Desert Jewel Dr, El Paso, TX 79912",79912,El Paso,31.873884,-106.553454,Single Family,3,2,1871,7405,1995,,Inactive,354000,189.2,2026-06-23T00:00:00.000Z,2026-07-10T00:00:00.000Z,2026-07-09T08:39:58.695Z,16,,,Elpaso,,,,,,,,,,,,,,2026-08-09
"6224-Llano-Libre-Way,-El-Paso,-TX-79912","6224 Llano Libre Way, El Paso, TX 79912",79912,El Paso,31.84977,-106.529822,Single Family,3,1,2057,11326,1983,,Inactive,339000,164.8,2026-06-26T00:00:00.000Z,2026-07-10T00:00:00.000Z,2026-07-09T08:39:58.631Z,13,,,Elpaso,,,,,,,,,,,,,,2026-08-09
"6724-Desert-Canyon-Dr,-El-Paso,-TX-79912","6724 Desert Canyon Dr, El Paso, TX 79912",79912,El Paso,31.872276,-106.545228,Single Family,4,2.5,2948,20038,2001,,Inactive,399900,135.65,2026-06-28T00:00:00.000Z,2026-07-10T00:00:00.000Z,2026-07-09T07:21:54.131Z,11,,,Elpaso,,,,,,,,,,,,,,2026-08-09
"3629-Trina-Pl,-El-Paso,-TX-79936","3629 Trina Pl, El Paso, TX 79936",79936,El Paso,31.799051,-106.272199,Single Family,3,2,973,3920,2002,,Inactive,186950,192.14,2026-07-01T00:00:00.000Z,2026-07-10T00:00:00.000Z,2026-07-09T07:21:54.037Z,8,,,Elpaso,,,,,,,,,,,,,,2026-08-09
"14226-Lasso-Rock-Dr,-El-Paso,-TX-79938","14226 Lasso Rock Dr, El Paso, TX 79938",79938,El Paso,31.778868,-106.230126,Single Family,3,2,1343,4792,2010,,Inactive,205000,152.64,2026-07-04T00:00:00.000Z,2026-07-10T00:00:00.000Z,2026-07-09T07:08:06.899Z,5,,,Elpaso,,,,,,,,,,,,,,2026-08-09
"200-Belvidere-St,-El-Paso,-TX-79912","200 Belvidere St, El Paso, TX 79912",79912,El Paso,31.839778,-106.557403,Single Family,3,1,1449,8276,1970,,Inactive,270000,186.34,2026-07-04T00:00:00.000Z,2026-07-10T00:00:00.000Z,2026-07-09T07:08:06.899Z,5,,,Elpaso,,,,,,,,,,,,,,2026-08-09
"3105-Amistoso-St,-El-Paso,-TX-79938","3105 Amistoso St, El Paso, TX 79938",79938,El Paso,31.770119,-106.242973,Single Family,4,1.5,2236,5227,2013,,Inactive,299900,134.12,2026-06-11T00:00:00.000Z,2026-07-09T00:00:00.000Z,2026-07-08T08:36:32.901Z,27,,,Elpaso,,,,,,,,,,,,,,2026-08-09
"401-Willow-Glen-Dr,-El-Paso,-TX-79922","401 Willow Glen Dr, El Paso, TX 79922",79922,El Paso,31.824994,-106.579916,Single Family,5,6.5,5052,22216,2020,90,Inactive,2200000,435.47,2026-06-14T00:00:00.000Z,2026-07-09T00:00:00.000Z,2026-07-08T08:36:32.892Z,24,,,Elpaso,,,,,,,,,,,,,,2026-08-09
"7759-Enchanted-View-Dr,-El-Paso,-TX-79911","7759 Enchanted View Dr, El Paso, TX 79911",79911,El Paso,31.917983,-106.575665,Single Family,4,2.5,1680,6970,2019,,Inactive,330000,196.43,2026-06-12T00:00:00.000Z,2026-07-09T00:00:00.000Z,2026-07-08T08:36:32.874Z,26,,,Elpaso,,,,,,,,,,,,,,2026-08-09
"7500-Luz-De-Lumbre-Ave,-El-Paso,-TX-79912","7500 Luz De Lumbre Ave, El Paso, TX 79912",79912,El Paso,31.875279,-106.569594,Single Family,4,2,1228,6098,1998,,Inactive,259000,210.91,2026-06-26T00:00:00.000Z,2026-07-09T00:00:00.000Z,2026-07-08T06:52:54.285Z,12,,,Elpaso,,,,,,,,,,,,,,2026-08-09
"11328-Robert-Lennox-Dr,-El-Paso,-TX-79934","11328 Robert Lennox Dr, El Paso, TX 79934",79934,El Paso,31.93844,-106.414486,Single Family,3,2,1465,5227,2007,,Inactive,236500,161.43,2026-06-30T00:00:00.000Z,2026-07-09T00:00:00.000Z,2026-07-08T06:12:58.799Z,8,,,Elpaso,,,,,,,,,,,,,,2026-08-09
"7208-Raton-Dr,-El-Paso,-TX-79915","7208 Raton Dr, El Paso, TX 79915",79915,El Paso,31.764907,-106.371022,Single Family,3,1.5,1340,6534,1960,,Inactive,229950,171.6,2026-07-01T00:00:00.000Z,2026-07-09T00:00:00.000Z,2026-07-08T06:12:58.751Z,7,,,Elpaso,,,,,,,,,,,,,,2026-08-09
"8536-Mountain-Ash-Dr,-El-Paso,-TX-79904","8536 Mountain Ash Dr, El Paso, TX 79904",79904,El Paso,31.859287,-106.460766,Single Family,3,3,4004,14375,1988,,Inactive,450000,112.39,2026-07-02T00:00:00.000Z,2026-07-09T00:00:00.000Z,2026-07-08T06:12:58.744Z,6,,,Elpaso,,,,,,,,,,,,,,2026-08-09
"139-Red-Robin-Dr,-El-Paso,-TX-79915","139 Red Robin Dr, El Paso, TX 79915",79915,El Paso,31.751888,-106.394674,Single Family,2,1,840,8712,1950,,Inactive,149000,177.38,2026-07-01T00:00:00.000Z,2026-07-09T00:00:00.000Z,2026-07-08T06:12:58.730Z,7,,,Elpaso,,,,,,,,,,,,,,2026-08-09
"221-Coronado-Rd,-El-Paso,-TX-79915","221 Coronado Rd, El Paso, TX 79915",79915,El Paso,31.738548,-106.388426,Single Family,3,1,1045,4792,1959,,Inactive,149500,143.06,2026-07-02T00:00:00.000Z,2026-07-09T00:00:00.000Z,2026-07-08T05:24:35.453Z,6,,,Elpaso,,,,,,,,,,,,,,2026-08-09
"11816-Tracy-Austin-Ln,-El-Paso,-TX-79936","11816 Tracy Austin Ln, El Paso, TX 79936",79936,El Paso,31.746826,-106.286153,Single Family,3,1,982,4792,1985,,Inactive,169900,173.01,2026-07-03T00:00:00.000Z,2026-07-09T00:00:00.000Z,2026-07-08T05:24:35.445Z,5,,,Elpaso,,,,,,,,,,,,,,2026-08-09
"7309-Autumn-Sage-Dr,-El-Paso,-TX-79911","7309 Autumn Sage Dr, El Paso, TX 79911",79911,El Paso,31.884007,-106.562396,Single Family,3,2,1868,6534,2017,21,Inactive,389000,208.24,2026-07-03T00:00:00.000Z,2026-07-09T00:00:00.000Z,2026-07-08T05:24:35.442Z,5,,,Elpaso,,,,,,,,,,,,,,2026-08-09
"894-Andrew-Arroyos,-El-Paso,-TX-79927","894 Andrew Arroyos, El Paso, TX 79927",79927,El Paso,31.653988,-106.257018,Single Family,4,3,2110,6098,2026,,Inactive,337950,160.17,2026-07-04T00:00:00.000Z,2026-07-09T00:00:00.000Z,2026-07-08T05:24:35.427Z,4,,,Elpaso,,,,,,,,,,,,,,2026-08-09
"15150-Pumice-Dr,-El-Paso,-TX-79928","15150 Pumice Dr, El Paso, TX 79928",79928,El Paso,31.622524,-106.143793,Land,,,,49223,,,Inactive,70000,,2026-06-19T00:00:00.000Z,2026-07-08T00:00:00.000Z,2026-07-07T06:46:29.030Z,18,,,Elpaso,,,,,,,,,,,,,,2026-08-09
"10798-Adin-St,-El-Paso,-TX-79924","10798 Adin St, El Paso, TX 79924",79924,El Paso,31.926956,-106.398736,Single Family,5,2.5,2266,6534,2006,,Inactive,295000,130.19,2026-06-24T00:00:00.000Z,2026-07-08T00:00:00.000Z,2026-07-07T06:46:28.987Z,13,,,Elpaso,,,,,,,,,,,,,,2026-08-09
"9729-Landgren-Dr,-El-Paso,-TX-79927","9729 Landgren Dr, El Paso, TX 79927",79927,El Paso,31.679138,-106.300896,Land,,,,5227,,,Inactive,65000,,2026-06-26T00:00:00.000Z,2026-07-08T00:00:00.000Z,2026-07-07T06:37:19.347Z,11,,,Elpaso,,,,,,,,,,,,,,2026-08-09
"659-Sara-Lynn-Ct,-El-Paso,-TX-79932","659 Sara Lynn Ct, El Paso, TX 79932",79932,El Paso,31.851875,-106.611688,Single Family,4,1,2635,13939,1999,,Inactive,555000,210.63,2026-06-27T00:00:00.000Z,2026-07-08T00:00:00.000Z,2026-07-07T06:37:19.325Z,10,,,Elpaso,,,,,,,,,,,,,,2026-08-09
"10904-Delafield-Dr,-El-Paso,-TX-79936","10904 Delafield Dr, El Paso, TX 79936",79936,El Paso,31.797108,-106.322298,Multi-Family,3,1.5,1145,4356,1985,,Inactive,139999,122.27,2026-06-29T00:00:00.000Z,2026-07-08T00:00:00.000Z,2026-07-07T06:37:19.282Z,8,,,Elpaso,,,,,,,,,,,,,,2026-08-09
"3001-Red-Coral-Way,-El-Paso,-TX-79936","3001 Red Coral Way, El Paso, TX 79936",79936,El Paso,31.782872,-106.306658,Single Family,3,2,1292,8712,1976,,Inactive,224950,174.11,2026-06-30T00:00:00.000Z,2026-07-08T00:00:00.000Z,2026-07-07T06:37:19.262Z,7,,,Elpaso,,,,,,,,,,,,,,2026-08-09
"11837-Barrenkale,-El-Paso,-TX-79934","11837 Barrenkale, El Paso, TX 79934",79934,El Paso,31.9506813,-106.4102574,Single Family,4,2,1834,,,,Inactive,300680,163.95,2026-07-01T00:00:00.000Z,2026-07-08T00:00:00.000Z,2026-07-07T06:37:19.250Z,6,Desert View Homes,Campo Del Sol,,,,,,,,,,,,,,,2026-08-09
"6121-Via-Fortuna-Ln,-El-Paso,-TX-79912","6121 Via Fortuna Ln, El Paso, TX 79912",79912,El Paso,31.857625,-106.52602,Single Family,3,2,1777,7841,1988,,Inactive,294950,165.98,2026-07-02T00:00:00.000Z,2026-07-08T00:00:00.000Z,2026-07-07T06:26:37.171Z,5,,,Elpaso,,,,,,,,,,,,,,2026-08-09
"7737-Waterhouse-Dr,-El-Paso,-TX-79912","7737 Waterhouse Dr, El Paso, TX 79912",79912,El Paso,31.852044,-106.572332,Single Family,3,2,1454,6970,1991,,Inactive,285000,196.01,2026-07-02T00:00:00.000Z,2026-07-08T00:00:00.000Z,2026-07-07T06:26:37.170Z,5,,,Elpaso,,,,,,,,,,,,,,2026-08-09
"6612-Camino-Fuente-Dr,-El-Paso,-TX-79912","6612 Camino Fuente Dr, El Paso, TX 79912",79912,El Paso,31.850715,-106.539245,Single Family,4,1,1917,9148,1979,,Inactive,336000,175.27,2026-07-02T00:00:00.000Z,2026-07-08T00:00:00.000Z,2026-07-07T06:26:37.167Z,5,,,Elpaso,,,,,,,,,,,,,,2026-08-09
"8208-Parkland-Dr,-El-Paso,-TX-79925","8208 Parkland Dr, El Paso, TX 79925",79925,El Paso,31.78719,-106.379233,Single Family,3,2,1712,8032,1964,,Inactive,160000,93.46,2026-07-01T00:00:00.000Z,2026-07-08T00:00:00.000Z,2026-07-07T06:26:37.038Z,6,,,NTREIS,,,,,,,,,,,,,,2026-08-09
"13301-Emerald-Wind-Ct,-El-Paso,-TX-79928","13301 Emerald Wind Ct, El Paso, TX 79928",79928,El Paso,31.684929,-106.227721,Single Family,4,2,2423,7405,2026,,Inactive,390195,161.04,2026-07-02T00:00:00.000Z,2026-07-08T00:00:00.000Z,2026-07-07T06:26:37.026Z,5,,,Elpaso,,,,,,,,,,,,,,2026-08-09
"10382-Yellowstone-St,-El-Paso,-TX-79924","10382 Yellowstone St, El Paso, TX 79924",79924,El Paso,31.910864,-106.428235,Single Family,3,1.5,1024,6970,1960,,Inactive,159000,155.27,2026-07-03T00:00:00.000Z,2026-07-08T00:00:00.000Z,2026-07-07T06:26:37.002Z,4,,,Elpaso,,,,,,,,,,,,,,2026-08-09
"3877-Belief-Ln,-El-Paso,-TX-79938","3877 Belief Ln, El Paso, TX 79938",79938,El Paso,31.807557,-106.188767,Single Family,4,2,2000,6534,2026,,Inactive,355000,177.5,2026-07-06T00:00:00.000Z,2026-07-08T00:00:00.000Z,2026-07-07T06:26:36.966Z,1,,,Elpaso,,,,,,,,,,,,,,2026-08-09
"3512-Clifton-Ave-Unit-A-b,-El-Paso,-TX-79903","3512 Clifton Ave Unit A-b, El Paso, TX 79903",79903,El Paso,31.785482,-106.451675,Multi-Family,3,2,1367,6970,1928,,Inactive,208000,152.16,2026-06-11T00:00:00.000Z,2026-07-07T00:00:00.000Z,2026-07-06T08:18:52.646Z,25,,,Elpaso,,,,,,,,,,,,,,2026-08-09
"12140-Bahjat-Dr,-El-Paso,-TX-79934","12140 Bahjat Dr, El Paso, TX 79934",79934,El Paso,31.959435,-106.354103,Single Family,4,2,1623,5227,2025,,Inactive,282000,173.75,2026-06-16T00:00:00.000Z,2026-07-07T00:00:00.000Z,2026-07-06T08:17:46.575Z,20,,,Elpaso,,,,,,,,,,,,,,2026-08-09
"13075-Emerald-Isle-St,-El-Paso,-TX-79928","13075 Emerald Isle St, El Paso, TX 79928",79928,El Paso,31.689704,-106.237653,Single Family,4,3,1956,5184,2022,,Inactive,249950,127.79,2026-06-18T00:00:00.000Z,2026-07-07T00:00:00.000Z,2026-07-06T08:06:38.660Z,18,,,NTREIS,,,,,,,,,,,,,,2026-08-09
"5428-Corsicana-Ave,-El-Paso,-TX-79924","5428 Corsicana Ave, El Paso, TX 79924",79924,El Paso,31.926805,-106.416351,Single Family,3,1.5,1215,6098,1983,,Inactive,220000,181.07,2026-06-20T00:00:00.000Z,2026-07-07T00:00:00.000Z,2026-07-06T08:06:38.591Z,16,,,Elpaso,,,,,,,,,,,,,,2026-08-09
"11663-Clear-Lake-Cir,-El-Paso,-TX-79936","11663 Clear Lake Cir, El Paso, TX 79936",79936,El Paso,31.763913,-106.291351,Single Family,3,2,1110,5227,1990,,Inactive,203000,182.88,2026-06-24T00:00:00.000Z,2026-07-07T00:00:00.000Z,2026-07-06T08:06:38.536Z,12,,,Elpaso,,,,,,,,,,,,,,2026-08-09
"12329-Jack-Vowell-Way,-El-Paso,-TX-79934","12329 Jack Vowell Way, El Paso, TX 79934",79934,El Paso,31.964987,-106.351601,Single Family,4,2,1695,4792,2026,,Inactive,289950,171.06,2026-06-25T00:00:00.000Z,2026-07-07T00:00:00.000Z,2026-07-06T07:29:28.297Z,11,,,Elpaso,,,,,,,,,,,,,,2026-08-09
"816-Richard-Dr,-El-Paso,-TX-79907","816 Richard Dr, El Paso, TX 79907",79907,El Paso,31.729986,-106.330786,Single Family,2,1,1120,7405,1952,,Inactive,165000,147.32,2026-06-28T00:00:00.000Z,2026-07-07T00:00:00.000Z,2026-07-06T07:29:28.222Z,8,,,Elpaso,,,,,,,,,,,,,,2026-08-09
"11216-War-Feather-Dr,-El-Paso,-TX-79936","11216 War Feather Dr, El Paso, TX 79936",79936,El Paso,31.79441,-106.306206,Single Family,4,1,2005,8276,1983,,Inactive,299000,149.13,2026-07-01T00:00:00.000Z,2026-07-07T00:00:00.000Z,2026-07-06T06:04:48.585Z,5,,,Elpaso,,,,,,,,,,,,,,2026-08-09
"11341-Jack-Cupit-Ln,-El-Paso,-TX-79936","11341 Jack Cupit Ln, El Paso, TX 79936",79936,El Paso,31.761665,-106.30291,Single Family,3,1,1244,7405,1977,,Inactive,215000,172.83,2026-07-01T00:00:00.000Z,2026-07-07T00:00:00.000Z,2026-07-06T06:04:48.567Z,5,,,Elpaso,,,,,,,,,,,,,,2026-08-09
"937-Penrith-St,-El-Paso,-TX-79928","937 Penrith St, El Paso, TX 79928",79928,El Paso,31.709903,-106.223051,Single Family,3,2.5,1735,4792,2018,,Inactive,250000,144.09,2026-07-02T00:00:00.000Z,2026-07-07T00:00:00.000Z,2026-07-06T06:04:48.519Z,4,,,Elpaso,,,,,,,,,,,,,,2026-08-09
"9809-Eugenia-Ct,-El-Paso,-TX-79925","9809 Eugenia Ct, El Paso, TX 79925",79925,El Paso,31.782017,-106.353869,Single Family,4,2.5,1858,8712,1959,,Inactive,280000,150.7,2026-06-26T00:00:00.000Z,2026-07-06T00:00:00.000Z,2026-07-05T08:25:16.553Z,9,,,Elpaso,,,,,,,,,,,,,,2026-08-09
"2506-San-Jose-Ave,-El-Paso,-TX-79930","2506 San Jose Ave, El Paso, TX 79930",79930,El Paso,31.786596,-106.467054,Single Family,3,2,1342,6098,2006,,Inactive,240000,178.84,2026-06-26T00:00:00.000Z,2026-07-06T00:00:00.000Z,2026-07-05T08:25:16.547Z,9,,,Elpaso,,,,,,,,,,,,,,2026-08-09
"11545-Caballo-Lake-Dr,-El-Paso,-TX-79936","11545 Caballo Lake Dr, El Paso, TX 79936",79936,El Paso,31.781761,-106.291576,Single Family,3,1,1059,5663,1991,,Inactive,194500,183.66,2026-07-03T00:00:00.000Z,2026-07-06T00:00:00.000Z,2026-07-05T07:02:30.685Z,2,,,Elpaso,,,,,,,,,,,,,,2026-08-09
"5716-Mackerel-Ln,-El-Paso,-TX-79924","5716 Mackerel Ln, El Paso, TX 79924",79924,El Paso,31.885198,-106.408638,Single Family,4,1,1622,20473,1978,,Inactive,214999,132.55,2026-06-12T00:00:00.000Z,2026-07-05T00:00:00.000Z,2026-07-04T09:28:11.637Z,22,,,Elpaso,,,,,,,,,,,,,,2026-08-09
"7223-Longspur-Dr,-El-Paso,-TX-79911","7223 Longspur Dr, El Paso, TX 79911",79911,El Paso,31.881848,-106.553098,Single Family,4,2,2099,6970,2013,25,Inactive,399900,190.52,2026-06-12T00:00:00.000Z,2026-07-05T00:00:00.000Z,2026-07-04T09:28:11.630Z,22,,,Elpaso,,,,,,,,,,,,,,2026-08-09
"11720-Mesquite-Miel-Dr,-El-Paso,-TX-79934","11720 Mesquite Miel Dr, El Paso, TX 79934",79934,El Paso,31.95166,-106.369768,Single Family,3,2.5,1810,5227,2009,,Inactive,230000,127.07,2026-06-16T00:00:00.000Z,2026-07-05T00:00:00.000Z,2026-07-04T09:28:11.548Z,18,,,Elpaso,,,,,,,,,,,,,,2026-08-09
"9000-Rancich-St,-El-Paso,-TX-79904","9000 Rancich St, El Paso, TX 79904",79904,El Paso,31.867128,-106.455296,Single Family,3,2,2270,10890,1969,,Inactive,350000,154.19,2026-06-25T00:00:00.000Z,2026-07-05T00:00:00.000Z,2026-07-04T09:24:24.487Z,9,,,Elpaso,,,,,,,,,,,,,,2026-08-09
"9168-Jalapa-Dr,-El-Paso,-TX-79907","9168 Jalapa Dr, El Paso, TX 79907",79907,El Paso,31.70138,-106.307457,Single Family,3,1.5,1251,10890,1976,,Inactive,198000,158.27,2026-06-30T00:00:00.000Z,2026-07-05T00:00:00.000Z,2026-07-04T05:48:53.043Z,4,,,Elpaso,,,,,,,,,,,,,,2026-08-09
"12963-Aberdare-Dr,-El-Paso,-TX-79928","12963 Aberdare Dr, El Paso, TX 79928",79928,El Paso,31.685797,-106.236689,Single Family,3,2,1814,6534,2021,,Inactive,315000,173.65,2026-06-11T00:00:00.000Z,2026-07-04T00:00:00.000Z,2026-07-03T07:17:21.420Z,22,,,Elpaso,,,,,,,,,,,,,,2026-08-09
"12573-New-Dawn-Dr,-El-Paso,-TX-79928","12573 New Dawn Dr, El Paso, TX 79928",79928,El Paso,31.744975,-106.254457,Single Family,4,3,1919,5663,2020,,Inactive,329000,171.44,2026-06-12T00:00:00.000Z,2026-07-04T00:00:00.000Z,2026-07-03T07:17:21.395Z,21,,,Elpaso,,,,,,,,,,,,,,2026-08-09
"11421-Lone-Wolf-Cir,-El-Paso,-TX-79936","11421 Lone Wolf Cir, El Paso, TX 79936",79936,El Paso,31.794839,-106.29708,Single Family,3,2,1260,5227,1993,,Inactive,206000,163.49,2026-06-19T00:00:00.000Z,2026-07-04T00:00:00.000Z,2026-07-03T07:14:24.834Z,14,,,Elpaso,,,,,,,,,,,,,,2026-08-09
"2333-Mike-Price-Dr,-El-Paso,-TX-79938","2333 Mike Price Dr, El Paso, TX 79938",79938,El Paso,31.772887,-106.208497,Single Family,4,2.5,2222,6970,2022,,Inactive,359950,161.99,2026-06-20T00:00:00.000Z,2026-07-04T00:00:00.000Z,2026-07-03T07:14:24.809Z,13,,,Elpaso,,,,,,,,,,,,,,2026-08-09
"12113-Alex-Guerrero-Cir,-El-Paso,-TX-79936","12113 Alex Guerrero Cir, El Paso, TX 79936",79936,El Paso,31.758864,-106.275148,Single Family,3,2.5,2527,6098,1995,,Inactive,350000,138.5,2026-06-20T00:00:00.000Z,2026-07-04T00:00:00.000Z,2026-07-03T07:14:24.806Z,13,,,Elpaso,,,,,,,,,,,,,,2026-08-09
"12701-Cono-Norte-Dr,-El-Paso,-TX-79934","12701 Cono Norte Dr, El Paso, TX 79934",79934,El Paso,31.975342,-106.355602,Single Family,3,2,1656,4792,2026,,Inactive,284950,172.07,2026-06-20T00:00:00.000Z,2026-07-04T00:00:00.000Z,2026-07-03T07:14:24.804Z,13,,,Elpaso,,,,,,,,,,,,,,2026-08-09
"11729-Fred-Perry-Dr,-El-Paso,-TX-79936","11729 Fred Perry Dr, El Paso, TX 79936",79936,El Paso,31.73671,-106.303349,Single Family,4,3,2030,6534,1985,,Inactive,277000,136.45,2026-06-21T00:00:00.000Z,2026-07-04T00:00:00.000Z,2026-07-03T07:14:24.786Z,12,,,Elpaso,,,,,,,,,,,,,,2026-08-09
"504-Twin-Oaks-Pl,-El-Paso,-TX-79912","504 Twin Oaks Pl, El Paso, TX 79912",79912,El Paso,31.832473,-106.510227,Townhouse,2,1.5,1492,5663,1978,,Inactive,249900,167.49,2026-06-24T00:00:00.000Z,2026-07-04T00:00:00.000Z,2026-07-03T07:09:40.826Z,9,,,Elpaso,,,,,,,,,,,,,,2026-08-09
"13609-Keighly-St,-El-Paso,-TX-79928","13609 Keighly St, El Paso, TX 79928",79928,El Paso,31.705819,-106.219881,Single Family,3,2,1366,4792,2017,,Inactive,235950,172.73,2026-06-24T00:00:00.000Z,2026-07-04T00:00:00.000Z,2026-07-03T07:09:40.825Z,9,,,Elpaso,,,,,,,,,,,,,,2026-08-09
"6064-Bandolero-Dr,-El-Paso,-TX-79912","6064 Bandolero Dr, El Paso, TX 79912",79912,El Paso,31.852283,-106.524948,Single Family,3,2,2227,13504,1983,,Inactive,365000,163.9,2026-06-26T00:00:00.000Z,2026-07-04T00:00:00.000Z,2026-07-03T07:09:40.732Z,7,,,Elpaso,,,,,,,,,,,,,,2026-08-09
"12128-Saint-Cassian-Dr,-El-Paso,-TX-79936","12128 Saint Cassian Dr, El Paso, TX 79936",79936,El Paso,31.74327,-106.277092,Single Family,3,2,1107,5227,1999,,Inactive,190000,171.64,2026-06-27T00:00:00.000Z,2026-07-04T00:00:00.000Z,2026-07-03T07:09:40.717Z,6,,,Elpaso,,,,,,,,,,,,,,2026-08-09
"6613-Sambrano-Ave,-El-Paso,-TX-79905","6613 Sambrano Ave, El Paso, TX 79905",79905,El Paso,31.766582,-106.406616,Single Family,3,3,1425,5227,1941,,Inactive,165000,115.79,2026-06-11T00:00:00.000Z,2026-07-03T00:00:00.000Z,2026-07-02T07:43:21.171Z,21,,,Elpaso,,,,,,,,,,,,,,2026-08-09
"1305-James-Kelley-Dr,-El-Paso,-TX-79936","1305 James Kelley Dr, El Paso, TX 79936",79936,El Paso,31.731029,-106.307083,Single Family,4,3,1923,7405,1988,,Inactive,359950,187.18,2026-06-13T00:00:00.000Z,2026-07-03T00:00:00.000Z,2026-07-02T07:43:21.141Z,19,,,Elpaso,,,,,,,,,,,,,,2026-08-09
"14840-John-Mcneely-Ave,-El-Paso,-TX-79938","14840 John Mcneely Ave, El Paso, TX 79938",79938,El Paso,31.769641,-106.202668,Single Family,4,2,1619,6098,2021,,Inactive,275000,169.86,2026-06-12T00:00:00.000Z,2026-07-03T00:00:00.000Z,2026-07-02T07:43:21.106Z,20,,,Elpaso,,,,,,,,,,,,,,2026-08-09
"5712-Adamsville-Ave,-El-Paso,-TX-79934","5712 Adamsville Ave, El Paso, TX 79934",79934,El Paso,31.955462,-106.411547,Single Family,3,1.5,1658,5663,2026,29,Inactive,329950,199.0,2026-06-15T00:00:00.000Z,2026-07-03T00:00:00.000Z,2026-07-02T07:43:21.103Z,17,,,Elpaso,,,,,,,,,,,,,,2026-08-09
"7016-Toluca-Dr,-El-Paso,-TX-79912","7016 Toluca Dr, El Paso, TX 79912",79912,El Paso,31.85765,-106.551023,Single Family,4,2.5,2590,8712,1987,,Inactive,475000,183.4,2026-06-22T00:00:00.000Z,2026-07-03T00:00:00.000Z,2026-07-02T07:32:09.011Z,10,,,Elpaso,,,,,,,,,,,,,,2026-08-09
"940-Elstree-Pl,-El-Paso,-TX-79928","940 Elstree Pl, El Paso, TX 79928",79928,El Paso,31.717422,-106.233464,Single Family,3,2,1672,6098,2025,60,Inactive,359950,215.28,2026-06-22T00:00:00.000Z,2026-07-03T00:00:00.000Z,2026-07-02T05:45:42.928Z,10,,,Elpaso,,,,,,,,,,,,,,2026-08-09
"7008-Enid-Ct,-El-Paso,-TX-79912","7008 Enid Ct, El Paso, TX 79912",79912,El Paso,31.841412,-106.549733,Single Family,3,2,1570,6970,1974,,Inactive,299900,191.02,2026-06-25T00:00:00.000Z,2026-07-03T00:00:00.000Z,2026-07-02T05:45:42.847Z,7,,,Elpaso,,,,,,,,,,,,,,2026-08-09
"14190-Peyton-Edwards-Ave,-El-Paso,-TX-79938","14190 Peyton Edwards Ave, El Paso, TX 79938",79938,El Paso,31.762306,-106.231313,Single Family,3,2,1693,5227,2018,,Inactive,276950,163.59,2026-06-27T00:00:00.000Z,2026-07-03T00:00:00.000Z,2026-07-02T05:18:05.703Z,5,,,Elpaso,,,,,,,,,,,,,,2026-08-09
"774-Via-Cipro-St,-El-Paso,-TX-79912","774 Via Cipro St, El Paso, TX 79912",79912,El Paso,31.856612,-106.52001,Single Family,3,2,2182,21780,2010,190,Inactive,425000,194.78,2026-06-30T00:00:00.000Z,2026-07-03T00:00:00.000Z,2026-07-02T05:18:05.645Z,2,,,Elpaso,,,,,,,,,,,,,,2026-08-09
"10957-Acoma-St,-El-Paso,-TX-79934","10957 Acoma St, El Paso, TX 79934",79934,El Paso,31.93181,-106.43085,Single Family,6,3,2467,5663,2007,,Inactive,315000,127.69,2026-06-30T00:00:00.000Z,2026-07-03T00:00:00.000Z,2026-07-02T05:18:05.614Z,2,,,Elpaso,,,,,,,,,,,,,,2026-08-09
"10025-Foothills-Dr,-El-Paso,-TX-79924","10025 Foothills Dr, El Paso, TX 79924",79924,El Paso,31.900254,-106.436269,Single Family,3,2,1888,6970,1972,,Inactive,200000,105.93,2026-06-11T00:00:00.000Z,2026-07-02T00:00:00.000Z,2026-07-01T07:54:55.070Z,20,,,Elpaso,,,,,,,,,,,,,,2026-08-09
"6969-Inca-Dove-Dr,-El-Paso,-TX-79911","6969 Inca Dove Dr, El Paso, TX 79911",79911,El Paso,31.884171,-106.554765,Single Family,3,2,1514,8712,2012,23,Inactive,287500,189.89,2026-06-25T00:00:00.000Z,2026-07-02T00:00:00.000Z,2026-07-01T06:52:50.994Z,6,,,Elpaso,,,,,,,,,,,,,,2026-08-09
"9408-Le-Sabre-Ln,-El-Paso,-TX-79907","9408 Le Sabre Ln, El Paso, TX 79907",79907,El Paso,31.697558,-106.300005,Single Family,3,2,1489,6098,1979,,Inactive,220000,147.75,2026-06-25T00:00:00.000Z,2026-07-02T00:00:00.000Z,2026-07-01T06:52:50.989Z,6,,,Elpaso,,,,,,,,,,,,,,2026-08-09
"7109-Oval-Rock-Dr,-El-Paso,-TX-79912","7109 Oval Rock Dr, El Paso, TX 79912",79912,El Paso,31.871351,-106.55448,Single Family,3,2.5,1719,5663,1996,,Inactive,289000,168.12,2026-06-27T00:00:00.000Z,2026-07-02T00:00:00.000Z,2026-07-01T05:02:33.668Z,4,,,Elpaso,,,,,,,,,,,,,,2026-08-09
"1140-Ranger-St,-El-Paso,-TX-79907","1140 Ranger St, El Paso, TX 79907",79907,El Paso,31.716737,-106.309484,Single Family,3,1,1669,10019,2006,,Inactive,250000,149.79,2026-06-27T00:00:00.000Z,2026-07-02T00:00:00.000Z,2026-07-01T05:02:33.667Z,4,,,Elpaso,,,,,,,,,,,,,,2026-08-09
"3888-Loma-Cortez-Dr,-El-Paso,-TX-79938","3888 Loma Cortez Dr, El Paso, TX 79938",79938,El Paso,31.802007,-106.219194,Single Family,4,2.5,2040,4792,2014,,Inactive,264000,129.41,2026-06-29T00:00:00.000Z,2026-07-02T00:00:00.000Z,2026-07-01T05:02:33.649Z,2,,,Elpaso,,,,,,,,,,,,,,2026-08-09
"7108-Canyon-Run-Dr,-El-Paso,-TX-79912","7108 Canyon Run Dr, El Paso, TX 79912",79912,El Paso,31.865558,-106.553432,Single Family,3,2.5,1466,6098,1993,,Inactive,280000,191.0,2026-06-29T00:00:00.000Z,2026-07-02T00:00:00.000Z,2026-07-01T05:02:33.636Z,2,,,Elpaso,,,,,,,,,,,,,,2026-08-09
"19511-Gary-Lee,-El-Paso,-TX-79938","19511 Gary Lee, El Paso, TX 79938",79938,El Paso,31.851305,-106.098571,Single Family,2,2,750,225205,2022,,Inactive,185000,246.67,2026-06-11T00:00:00.000Z,2026-07-01T00:00:00.000Z,2026-06-30T08:17:30.695Z,19,,,Elpaso,,,,,,,,,,,,,,2026-08-09
"12801-Tierra-Mina-Dr,-El-Paso,-TX-79938","12801 Tierra Mina Dr, El Paso, TX 79938",79938,El Paso,31.790824,-106.245194,Single Family,4,2.5,2744,6098,2007,,Inactive,385000,140.31,2026-06-16T00:00:00.000Z,2026-07-01T00:00:00.000Z,2026-06-30T08:04:36.024Z,14,,,Elpaso,,,,,,,,,,,,,,2026-08-09
"11857-Malecon,-El-Paso,-TX-79934","11857 Malecon, El Paso, TX 79934",79934,El Paso,31.9212041,-106.394544,Single Family,4,3.5,2193,,,,Inactive,347680,158.54,2026-06-18T00:00:00.000Z,2026-07-01T00:00:00.000Z,2026-06-30T08:04:35.949Z,12,Desert View Homes,Campo Del Sol,,,,,,,,,,,,,,,2026-08-09
"3617-Idalia-Ave,-El-Paso,-TX-79930","3617 Idalia Ave, El Paso, TX 79930",79930,El Paso,31.804281,-106.450039,Single Family,3,2,1659,6098,1960,,Inactive,184999,111.51,2026-06-19T00:00:00.000Z,2026-07-01T00:00:00.000Z,2026-06-30T07:40:40.604Z,11,,,Elpaso,,,,,,,,,,,,,,2026-08-09
"9329-Raleigh-Dr,-El-Paso,-TX-79924","9329 Raleigh Dr, El Paso, TX 79924",79924,El Paso,31.87686,-106.4138,Single Family,4,1.5,1533,6098,1958,,Inactive,193500,126.22,2026-06-23T00:00:00.000Z,2026-07-01T00:00:00.000Z,2026-06-30T07:40:40.534Z,7,,,Elpaso,,,,,,,,,,,,,,2026-08-09
"5544-Dennis-Cavin-Ln,-El-Paso,-TX-79934","5544 Dennis Cavin Ln, El Paso, TX 79934",79934,El Paso,31.941895,-106.415161,Single Family,4,3,2935,9583,2011,,Inactive,364999,124.36,2026-06-24T00:00:00.000Z,2026-07-01T00:00:00.000Z,2026-06-30T07:40:40.533Z,6,,,Elpaso,,,,,,,,,,,,,,2026-08-09
"10528-Ashridge-Dr,-El-Paso,-TX-79925","10528 Ashridge Dr, El Paso, TX 79925",79925,El Paso,31.758898,-106.341467,Single Family,5,3,3200,12632,1975,,Inactive,499000,155.94,2026-06-24T00:00:00.000Z,2026-07-01T00:00:00.000Z,2026-06-30T07:40:40.530Z,6,,,Elpaso,,,,,,,,,,,,,,2026-08-09
"1814-Kelsey-Davis-Ave,-El-Paso,-TX-79928","1814 Kelsey Davis Ave, El Paso, TX 79928",79928,El Paso,31.751851,-106.251602,Single Family,4,2.5,2142,5663,2027,,Inactive,348950,162.91,2026-06-26T00:00:00.000Z,2026-07-01T00:00:00.000Z,2026-06-30T06:49:10.301Z,4,,,Elpaso,,,,,,,,,,,,,,2026-08-09
"12761-Maria-L-Fernandez,-El-Paso,-TX-79938","12761 Maria L Fernandez, El Paso, TX 79938",79938,El Paso,31.821547,-106.246467,Single Family,4,2,1245,4792,2014,,Inactive,224950,180.68,2026-06-27T00:00:00.000Z,2026-07-01T00:00:00.000Z,2026-06-30T06:49:10.234Z,3,,,Elpaso,,,,,,,,,,,,,,2026-08-09
"1361-Gate-Pl,-El-Paso,-TX-79936","1361 Gate Pl, El Paso, TX 79936",79936,El Paso,31.726359,-106.277054,Single Family,3,2.5,4092,18295,1998,40,Inactive,729999,178.4,2026-06-29T00:00:00.000Z,2026-07-01T00:00:00.000Z,2026-06-30T06:49:10.207Z,1,,,Elpaso,,,,,,,,,,,,,,2026-08-09
"12268-Diana-Natalicio-Dr,-El-Paso,-TX-79936","12268 Diana Natalicio Dr, El Paso, TX 79936",79936,El Paso,31.722516,-106.271316,Single Family,4,2.5,2375,10890,2000,,Inactive,359950,151.56,2026-06-11T00:00:00.000Z,2026-06-30T00:00:00.000Z,2026-06-29T07:58:47.115Z,18,,,Elpaso,,,,,,,,,,,,,,2026-08-09
"10895-Northview-Dr,-El-Paso,-TX-79934","10895 Northview Dr, El Paso, TX 79934",79934,El Paso,31.929372,-106.432515,Single Family,4,2.5,2347,5227,2006,,Inactive,325000,138.47,2026-06-17T00:00:00.000Z,2026-06-30T00:00:00.000Z,2026-06-29T07:42:06.138Z,12,,,Elpaso,,,,,,,,,,,,,,2026-08-09
"14186-Strata-Rock-Dr,-El-Paso,-TX-79938","14186 Strata Rock Dr, El Paso, TX 79938",79938,El Paso,31.776807,-106.233226,Single Family,3,2.5,1742,6970,2010,,Inactive,239900,137.72,2026-06-17T00:00:00.000Z,2026-06-30T00:00:00.000Z,2026-06-29T07:42:06.131Z,12,,,Elpaso,,,,,,,,,,,,,,2026-08-09
"3681-Grand-Cayman-Ln,-El-Paso,-TX-79936","3681 Grand Cayman Ln, El Paso, TX 79936",79936,El Paso,31.800096,-106.28808,Single Family,3,2.5,1620,4356,2013,105,Inactive,260000,160.49,2026-06-23T00:00:00.000Z,2026-06-30T00:00:00.000Z,2026-06-29T07:27:54.748Z,6,,,Elpaso,,,,,,,,,,,,,,2026-08-09
"11539-Jim-Ferriell-Dr,-El-Paso,-TX-79936","11539 Jim Ferriell Dr, El Paso, TX 79936",79936,El Paso,31.754367,-106.29501,Single Family,3,2,1083,6970,1986,,Inactive,200000,184.67,2026-06-24T00:00:00.000Z,2026-06-30T00:00:00.000Z,2026-06-29T07:27:54.613Z,5,,,Elpaso,,,,,,,,,,,,,,2026-08-09
"14620-Tierra-Nectar-Ave,-El-Paso,-TX-79938","14620 Tierra Nectar Ave, El Paso, TX 79938",79938,El Paso,31.771195,-106.210082,Single Family,4,2,1908,8276,2026,,Inactive,394950,207.0,2026-06-26T00:00:00.000Z,2026-06-30T00:00:00.000Z,2026-06-29T06:05:53.348Z,3,,,Elpaso,,,,,,,,,,,,,,2026-08-09
"3808-Perspective-St,-El-Paso,-TX-79938","3808 Perspective St, El Paso, TX 79938",79938,El Paso,31.808106,-106.198057,Single Family,3,1.5,1527,8712,2026,,Inactive,296950,194.47,2026-06-26T00:00:00.000Z,2026-06-30T00:00:00.000Z,2026-06-29T06:05:53.343Z,3,,,Elpaso,,,,,,,,,,,,,,2026-08-09
"236-Papaya-St,-El-Paso,-TX-79915","236 Papaya St, El Paso, TX 79915",79915,El Paso,31.736289,-106.384607,Single Family,5,1,1700,4792,1958,,Inactive,197000,115.88,2026-06-28T00:00:00.000Z,2026-06-30T00:00:00.000Z,2026-06-29T06:05:53.338Z,1,,,Elpaso,,,,,,,,,,,,,,2026-08-09
"3505-Volcanic-Ave,-El-Paso,-TX-79904","3505 Volcanic Ave, El Paso, TX 79904",79904,El Paso,31.852512,-106.451955,Single Family,3,1,1443,9148,1956,,Inactive,185000,128.21,2026-06-27T00:00:00.000Z,2026-06-30T00:00:00.000Z,2026-06-29T06:05:53.323Z,2,,,Elpaso,,,,,,,,,,,,,,2026-08-09
"12360-Desert-Wolf-Ave,-El-Paso,-TX-79938","12360 Desert Wolf Ave, El Paso, TX 79938",79938,El Paso,31.818257,-106.25766,Single Family,3,2,1875,5227,2021,,Inactive,309999,165.33,2026-06-16T00:00:00.000Z,2026-06-29T00:00:00.000Z,2026-06-28T07:00:41.518Z,12,,,Elpaso,,,,,,,,,,,,,,2026-08-09
"10629-Sombra-Verde-Dr,-El-Paso,-TX-79935","10629 Sombra Verde Dr, El Paso, TX 79935",79935,El Paso,31.761733,-106.3374,Single Family,4,3,2787,10454,1974,,Inactive,355000,127.38,2026-06-20T00:00:00.000Z,2026-06-29T00:00:00.000Z,2026-06-28T06:47:47.416Z,8,,,Elpaso,,,,,,,,,,,,,,2026-08-09
"8108-La-Paloma-Cir,-El-Paso,-TX-79907","8108 La Paloma Cir, El Paso, TX 79907",79907,El Paso,31.715461,-106.361483,Single Family,3,1.5,1491,13068,1955,,Inactive,295000,197.85,2026-06-26T00:00:00.000Z,2026-06-29T00:00:00.000Z,2026-06-28T05:57:57.116Z,2,,,Elpaso,,,,,,,,,,,,,,2026-08-09
"9101-Cuernavaca-Dr,-El-Paso,-TX-79907","9101 Cuernavaca Dr, El Paso, TX 79907",79907,El Paso,31.701852,-106.314569,Single Family,3,2,1347,6098,1973,,Inactive,185000,137.34,2026-06-11T00:00:00.000Z,2026-06-28T00:00:00.000Z,2026-06-27T07:48:55.159Z,16,,,Elpaso,,,,,,,,,,,,,,2026-08-09
"5745-Michael-P-Anderson-Ln,-El-Paso,-TX-79934","5745 Michael P Anderson Ln, El Paso, TX 79934",79934,El Paso,31.936738,-106.409557,Single Family,4,2.5,1895,5227,2004,,Inactive,265000,139.84,2026-06-11T00:00:00.000Z,2026-06-28T00:00:00.000Z,2026-06-27T07:48:55.139Z,16,,,Elpaso,,,,,,,,,,,,,,2026-08-09
"1533-Cimarron-Ridge-Dr,-El-Paso,-TX-79912","1533 Cimarron Ridge Dr, El Paso, TX 79912",79912,El Paso,31.878682,-106.539106,Single Family,5,1.5,2822,9148,2003,,Inactive,605000,214.39,2026-06-11T00:00:00.000Z,2026-06-28T00:00:00.000Z,2026-06-27T07:48:55.138Z,16,,,Elpaso,,,,,,,,,,,,,,2026-08-09
"309-Ray-Way,-El-Paso,-TX-79907","309 Ray Way, El Paso, TX 79907",79907,El Paso,31.705493,-106.33062,Single Family,3,1,1447,6098,1980,,Inactive,192000,132.69,2026-06-13T00:00:00.000Z,2026-06-28T00:00:00.000Z,2026-06-27T07:40:59.840Z,14,,,Elpaso,,,,,,,,,,,,,,2026-08-09
"5316-Garry-Owen-Rd,-El-Paso,-TX-79903","5316 Garry Owen Rd, El Paso, TX 79903",79903,El Paso,31.787355,-106.423912,Single Family,3,1,1680,6970,1951,,Inactive,238500,141.96,2026-06-25T00:00:00.000Z,2026-06-28T00:00:00.000Z,2026-06-27T05:11:32.806Z,2,,,Elpaso,,,,,,,,,,,,,,2026-08-09
"220-Moonglow-Dr,-El-Paso,-TX-79912","220 Moonglow Dr, El Paso, TX 79912",79912,El Paso,31.810122,-106.506344,Single Family,4,3,2184,10454,1965,,Inactive,250000,114.47,2026-06-26T00:00:00.000Z,2026-06-28T00:00:00.000Z,2026-06-27T05:11:32.781Z,1,,,Elpaso,,,,,,,,,,,,,,2026-08-09
"1014-Marlow-Rd,-El-Paso,-TX-79905","1014 Marlow Rd, El Paso, TX 79905",79905,El Paso,31.777569,-106.403958,Single Family,3,1,1000,6098,1954,,Inactive,200000,200.0,2026-06-12T00:00:00.000Z,2026-06-27T00:00:00.000Z,2026-06-26T06:00:02.804Z,14,,,Elpaso,,,,,,,,,,,,,,2026-08-09
"5420-Yarmouth-Ln,-El-Paso,-TX-79924","5420 Yarmouth Ln, El Paso, TX 79924",79924,El Paso,31.905114,-106.416096,Single Family,3,1.5,1534,6970,1959,,Inactive,225000,146.68,2026-06-12T00:00:00.000Z,2026-06-27T00:00:00.000Z,2026-06-26T06:00:02.798Z,14,,,Elpaso,,,,,,,,,,,,,,2026-08-09
"200-Cutlass-Dr,-El-Paso,-TX-79932","200 Cutlass Dr, El Paso, TX 79932",79932,El Paso,31.857817,-106.58186,Single Family,4,2,1650,9583,1994,,Inactive,233500,141.52,2026-06-15T00:00:00.000Z,2026-06-27T00:00:00.000Z,2026-06-26T06:00:02.755Z,11,,,Elpaso,,,,,,,,,,,,,,2026-08-09
"4015-Santa-Ana-Dr,-El-Paso,-TX-79902","4015 Santa Ana Dr, El Paso, TX 79902",79902,El Paso,31.795464,-106.502025,Single Family,4,3,2528,10454,1956,,Inactive,319000,126.19,2026-06-16T00:00:00.000Z,2026-06-27T00:00:00.000Z,2026-06-26T06:00:02.733Z,10,,,Elpaso,,,,,,,,,,,,,,2026-08-09
"13421-Plumpton-Rd,-El-Paso,-TX-79928","13421 Plumpton Rd, El Paso, TX 79928",79928,El Paso,31.707905,-106.227464,Single Family,4,3,2100,5663,2018,,Inactive,234890,111.85,2026-06-18T00:00:00.000Z,2026-06-27T00:00:00.000Z,2026-06-26T05:34:44.670Z,8,,,Elpaso,,,,,,,,,,,,,,2026-08-09
"12829-Methley-Ave,-El-Paso,-TX-79928","12829 Methley Ave, El Paso, TX 79928",79928,El Paso,31.717324,-106.243058,Single Family,4,2,1635,5663,2023,,Inactive,230000,140.67,2026-06-17T00:00:00.000Z,2026-06-27T00:00:00.000Z,2026-06-26T05:34:44.547Z,9,,,Elpaso,,,,,,,,,,,,,,2026-08-09
"1272A-L-Gill-Dr,-El-Paso,-TX-79936","1272A L Gill Dr, El Paso, TX 79936",79936,El Paso,31.719252,-106.272505,Single Family,4,2.5,2593,9148,2002,,Inactive,299000,115.31,2026-06-17T00:00:00.000Z,2026-06-27T00:00:00.000Z,2026-06-26T05:34:44.541Z,9,,,Elpaso,,,,,,,,,,,,,,2026-08-09
"5202-Jerry-Dr,-El-Paso,-TX-79924","5202 Jerry Dr, El Paso, TX 79924",79924,El Paso,31.885728,-106.419932,Single Family,3,1.5,1469,6534,1955,,Inactive,215000,146.36,2026-06-19T00:00:00.000Z,2026-06-27T00:00:00.000Z,2026-06-26T05:34:44.448Z,7,,,Elpaso,,,,,,,,,,,,,,2026-08-09
"1081-Dona-Beatriz-Cir,-El-Paso,-TX-79932","1081 Dona Beatriz Cir, El Paso, TX 79932",79932,El Paso,31.868453,-106.632003,Single Family,3,2.5,1811,16553,2016,,Inactive,364950,201.52,2026-06-19T00:00:00.000Z,2026-06-27T00:00:00.000Z,2026-06-26T05:34:44.446Z,7,,,Elpaso,,,,,,,,,,,,,,2026-08-09
"145-Miranda-Ct,-El-Paso,-TX-79932","145 Miranda Ct, El Paso, TX 79932",79932,El Paso,31.849425,-106.581572,Single Family,3,2,1081,30928,2007,,Inactive,220000,203.52,2026-06-20T00:00:00.000Z,2026-06-27T00:00:00.000Z,2026-06-26T05:34:44.435Z,6,,,Elpaso,,,,,,,,,,,,,,2026-08-09
"1118-Myrtle-Ave,-El-Paso,-TX-79901","1118 Myrtle Ave, El Paso, TX 79901",79901,El Paso,31.763472,-106.477716,Multi-Family,4,2,2087,3920,1926,,Inactive,120000,57.5,2026-06-22T00:00:00.000Z,2026-06-27T00:00:00.000Z,2026-06-26T05:27:32.860Z,4,,,Elpaso,,,,,,,,,,,,,,2026-08-09
"10705-Rhyolite-Dr,-El-Paso,-TX-79924","10705 Rhyolite Dr, El Paso, TX 79924",79924,El Paso,31.925502,-106.3782,Single Family,2,1,830,6098,1983,,Inactive,105000,126.51,2026-06-22T00:00:00.000Z,2026-06-27T00:00:00.000Z,2026-06-26T05:27:32.727Z,4,,,Elpaso,,,,,,,,,,,,,,2026-08-09
